,title,price,link
0,"Lenovo V14 G3, 12th Gen Intel Core i7-1255U Upto 4.70Ghz (16GB RAM/512GB SSD/Windows 11) 14.0"" FHD Display Thin and Light Laptop/Iron Grey /1.70 kg 1 Year Onsite Brand Warranty","₹51,900",/Lenovo-i7-1255U-4-70Ghz-Windows-Warranty/dp/B0F32ZBDNJ/ref=sr_1_70?crid=35FEBR8R2BS66&dib=eyJ2IjoiMSJ9.ifqR7Pb_juTd-DikRJuOpsmK2VX06bxGxKO-20fMoa_FAat39pCVa1JeUhEKAgnrlNmmvdWLTHaKCynPaZsipVhPAtUZZrhRGR3Mmey2xvbNWznV6UpH_8QPnGBDpehxGRvKu-48dalFoDt224dNY5jSXaQvB9kpE8ZEqF7wDxNLzS-635mqGIbpHBj8P41-O_P1iYRL5tj0gRv8YrWH0jiixG2KtRUnsv4-b3Dty5w.JlwNgsaSeD8a5yKX8jfvRasJwbHn-EgPFUinWdHeNS8&dib_tag=se&keywords=laptop&qid=1756882004&sprefix=lapt%2Caps%2C333&sr=8-70&xpid=RbFd-a7yjl6Ny
1,"Dell 15 Thin & Light Laptop, 13th Generation Intel Core i3-1305U Processor, 8GB DDR4 + 512GB SSD, 15.6"" (39.62cm) FHD 120Hz 250 nits Display, Windows 11 + MSO'21, 12 Month McAfee, Grey, 1.69kg","₹36,790",/sspa/click?ie=UTF8&spc=MToyMTcxNDM0NjE4NTI3NTQ6MTc1Njg4MjAwNTpzcF9zZWFyY2hfdGhlbWF0aWM6MzAwMTY3MzkxMTIyNDMyOjowOjo&url=%2FDell-Inspiron-3530-i3-1305U-Comfortview%2Fdp%2FB0C4ZM63RP%2Fref%3Dsxin_23_pa_sp_search_thematic_sspa%3Fcontent-id%3Damzn1.sym.24e1f0fb-6b39-49f5-b34a-4ebef8eaef82%253Aamzn1.sym.24e1f0fb-6b39-49f5-b34a-4ebef8eaef82%26crid%3D35FEBR8R2BS66%26cv_ct_cx%3Dlaptop%26keywords%3Dlaptop%26pd_rd_i%3DB0C4ZM63RP%26pd_rd_r%3Df6935c7e-f40c-4e79-be4b-918de93b0d43%26pd_rd_w%3D8e4sb%26pd_rd_wg%3DdKgkh%26pf_rd_p%3D24e1f0fb-6b39-49f5-b34a-4ebef8eaef82%26pf_rd_r%3DTT2TZCKKGTZS912A78MR%26qid%3D1756882004%26sbo%3DRZvfv%252F%252FHxDF%252BO5021pAnSA%253D%253D%26sprefix%3Dlapt%252Caps%252C333%26sr%3D1-65-2ec22325-1003-449d-8aaf-c0bcc24717ae-spons%26xpid%3DRbFd-a7yjl6Ny%26sp_csd%3Dd2lkZ2V0TmFtZT1zcF9zZWFyY2hfdGhlbWF0aWM%26psc%3D1&sp_cr=ZAZ
2,"(Refurbished) HP OMEN Gaming Laptop, Ryzen 7 7840HS 40.9 cm (16.1inch) FHD, 165hz, 7ms Response time(16GB DDR5, 1TB SSD)/ NVIDIA® GeForce RTX™ 4060/ B&O/Backlit Kb/Win 11/MSO, 16-xf0060AX","₹90,091",/Refurbished-HP-16-1inch-Response-16-xf0060AX/dp/B0CK6R744R/ref=sr_1_46?crid=35FEBR8R2BS66&dib=eyJ2IjoiMSJ9.Tz2wfxdL0EMcY0GgzxMDceM9Arn-TThQm0OXMKVvAHKbt4u99_JHfCBN0tj8PMIIeWs4n7RqezH2j5fYUVbjCT-MDxhAMbKrc6KiG9_vp8YI8SsfFwWkJnQ2HnVMHHz9ZJXb18qxoOxO4a-pe9nu_U6RhE1Xr-N0Ge0w0D2BMnl2e6kQP-BqJJ5iNrdu4sKf0Wjmx8EHaPi2zUgulbgYt0OqZDMxNj4zD1B2ErbBNoQ.J6NSEreu19DRxA6hmLGNrEqevGw-n2oekQoSDi2uwOo&dib_tag=se&keywords=laptop&qid=1756882000&sprefix=lapt%2Caps%2C333&sr=8-46&xpid=RbFd-a7yjl6Ny
3,"HP Envy x360 14-fc0125TU 2-in-1 Laptop Intel Core Ultra 7 | 16GB LPDDR5 RAM | 512GB SSD | Intel Graphics 14"" (35.6 cm) WUXGA Touch Display | Windows 11 Home | Versatile Convertible Design.","₹94,990",/HP-14-fc0125TU-Graphics-Versatile-Convertible/dp/B0FL77452D/ref=sr_1_7?crid=35FEBR8R2BS66&dib=eyJ2IjoiMSJ9.FCuxQIpCeN8C_jYQ8ONa2gAEgFCZsjycQnN_mYthWpg8yvKjb7F2dBSgwLUd_xm2t0C7dDo0EVRrnNUDGlUlqm-TdBJ1o7AzhHowbwia94kpZ1nK6XF4-5Ml9SBM5RkuALUDx5FTz_mBTJO6CW5LRGx3Hx3wPyrRIoGn27VItYS2xrgYSJ6M-XY05AftR7wGX_BrEni6DgoHgSOndUnxhE3MeiuGdgLj3_R91-SADXQ.rXoXbhpSaD-j65jB0gy0OLhmvcJ_6qOogVJtogW5Zp8&dib_tag=se&keywords=laptop&qid=1756881996&sprefix=lapt%2Caps%2C333&sr=8-7&xpid=RbFd-a7yjl6Ny
4,"Alienware New 16 Area-51 Gaming Laptop, AI Enabled Core Ultra 9 275HX Processor, 64GB DDR5, 2TB SSD, RTX 5090, 24 GB GDDR7 Graphics, 16.0"" WQXGA 240Hz 500 nits Display, Liquid Teal Color, 3.4kg","₹4,84,990",/sspa/click?ie=UTF8&spc=MTozMjk3NDY1Mjc5NDgxMjE6MTc1Njg4MTk5NjpzcF9zZWFyY2hfdGhlbWF0aWM6MzAwNjQ1Mjk3MDk3MzMyOjo0Ojo&url=%2FAlienware-Area-51-Enabled-Processor-Graphics%2Fdp%2FB0FHXP6RYD%2Fref%3Dsxin_14_pa_sp_search_thematic_sspa%3Fcontent-id%3Damzn1.sym.739e670d-dfb3-4be0-9815-d8c5c0372e07%253Aamzn1.sym.739e670d-dfb3-4be0-9815-d8c5c0372e07%26crid%3D35FEBR8R2BS66%26cv_ct_cx%3Dlaptop%26keywords%3Dlaptop%26pd_rd_i%3DB0FHXP6RYD%26pd_rd_r%3De1f08120-c83a-40e7-a572-d05963d4d79b%26pd_rd_w%3DBCg2P%26pd_rd_wg%3DNukY3%26pf_rd_p%3D739e670d-dfb3-4be0-9815-d8c5c0372e07%26pf_rd_r%3D1R6Y4QRBYPADJ32MP609%26qid%3D1756881996%26sbo%3DRZvfv%252F%252FHxDF%252BO5021pAnSA%253D%253D%26sprefix%3Dlapt%252Caps%252C333%26sr%3D1-5-66673dcf-083f-43ba-b782-d4a436cc5cfb-spons%26xpid%3DRbFd-a7yjl6Ny%26sp_csd%3Dd2lkZ2V0TmFtZT1zcF9zZWFyY2hfdGhlbWF0aWM%26psc%3D1&sp_cr=ZAZ
5,"FUTOPIA ULTIMUS PRO Intel Celeron Dual Core 2.8 GHz| 8GB RAM | 256GB SSD (Expandable upto 512GB) | 14.1"" IPS | 178° Wide Viewing Angle | Intel HD Graphics | Windows 11 Home | Lightweight 1.2Kg | Black","₹14,990",/FUTOPIA-ULTIMUS-Expandable-Graphics-Lightweight/dp/B0F79CBNXJ/ref=sr_1_42?crid=35FEBR8R2BS66&dib=eyJ2IjoiMSJ9.Tz2wfxdL0EMcY0GgzxMDceM9Arn-TThQm0OXMKVvAHKbt4u99_JHfCBN0tj8PMIIeWs4n7RqezH2j5fYUVbjCT-MDxhAMbKrc6KiG9_vp8YI8SsfFwWkJnQ2HnVMHHz9ZJXb18qxoOxO4a-pe9nu_U6RhE1Xr-N0Ge0w0D2BMnl2e6kQP-BqJJ5iNrdu4sKf0Wjmx8EHaPi2zUgulbgYt0OqZDMxNj4zD1B2ErbBNoQ.J6NSEreu19DRxA6hmLGNrEqevGw-n2oekQoSDi2uwOo&dib_tag=se&keywords=laptop&qid=1756882000&sprefix=lapt%2Caps%2C333&sr=8-42&xpid=RbFd-a7yjl6Ny
6,STRIFF Adjustable Laptop Tabletop Stand Patented Riser Ventilated Portable Foldable Compatible with MacBook Notebook Tablet Tray Desk Table Book with Free Phone Stand (Black),₹249,/STRIFF-Adjustable-Patented-Ventilated-Compatible/dp/B07XCM6T4N/ref=sr_1_27?crid=35FEBR8R2BS66&dib=eyJ2IjoiMSJ9.LhAv1ca6zmP5LGFtl_xILuiVQIySMSGct_JOlFt9k9_UFjcQQ0i_fmNazxHl2InrSkQRLx-bnwFfAnM5fpGEyHEri5J3g2VTZxxJFkRtCpHerMcBeJ_gm6z-mHX2GvhNX-i5r9eikoWOpTNuPyuODcAGDdgg1NXXULUsvDA4fDHRPVxs0tcKJfX0gr6HVn8AVG_eQodgmRBmwj27oM1M2neEadpjtsXDsyEcbGU-PFo.5PqTv7jmAWrcefu0qc1i7MxoKKpcoJlwR7F6skUsqPI&dib_tag=se&keywords=laptop&qid=1756881998&sprefix=lapt%2Caps%2C333&sr=8-27&xpid=RbFd-a7yjl6Ny
7,"Dell 15 Thin & Light Laptop, 13th Generation Intel Core i3-1305U Processor, 8GB DDR4 + 512GB SSD, 15.6"" (39.62cm) FHD 120Hz 250 nits Display, Windows 11 + MSO'21, 12 Month McAfee, Grey, 1.69kg","₹36,790",/sspa/click?ie=UTF8&spc=MToyNjI5NjQ2MDY3OTYzMDAxOjE3NTY4ODIwMDI6c3Bfc2VhcmNoX3RoZW1hdGljOjMwMDE2NzM5MTEyMjQzMjo6MDo6&url=%2FDell-Inspiron-3530-i3-1305U-Comfortview%2Fdp%2FB0C4ZM63RP%2Fref%3Dsxin_23_pa_sp_search_thematic_sspa%3Fcontent-id%3Damzn1.sym.24e1f0fb-6b39-49f5-b34a-4ebef8eaef82%253Aamzn1.sym.24e1f0fb-6b39-49f5-b34a-4ebef8eaef82%26crid%3D35FEBR8R2BS66%26cv_ct_cx%3Dlaptop%26keywords%3Dlaptop%26pd_rd_i%3DB0C4ZM63RP%26pd_rd_r%3D21b32708-1bea-4188-9315-655a5828ae11%26pd_rd_w%3D8uu6c%26pd_rd_wg%3DXZjkm%26pf_rd_p%3D24e1f0fb-6b39-49f5-b34a-4ebef8eaef82%26pf_rd_r%3D3B98RGGJ6TZB2VT93FFP%26qid%3D1756882002%26sbo%3DRZvfv%252F%252FHxDF%252BO5021pAnSA%253D%253D%26sprefix%3Dlapt%252Caps%252C333%26sr%3D1-49-2ec22325-1003-449d-8aaf-c0bcc24717ae-spons%26xpid%3DRbFd-a7yjl6Ny%26sp_csd%3Dd2lkZ2V0TmFtZT1zcF9zZWFyY2hfdGhlbWF0aWM%26psc%3D1&sp_cr=ZAZ
8,"Acer Aspire, AMD Ryzen 7-7730U, 16GB RAM, 1TB SSD, Full HD 15.6""/39.62cm, Windows 11 Home, Pure Silver, 1.79KG, AS15-42, WiFi 6, AMD Graphics, Backlit Keyboard, 55Wh Battery Laptop","₹44,990",/Acer-7-7730U-A325-42-Graphics-Keyboard/dp/B0DMF9ZVBV/ref=sr_1_74?crid=35FEBR8R2BS66&dib=eyJ2IjoiMSJ9.ifqR7Pb_juTd-DikRJuOpsmK2VX06bxGxKO-20fMoa_FAat39pCVa1JeUhEKAgnrlNmmvdWLTHaKCynPaZsipVhPAtUZZrhRGR3Mmey2xvbNWznV6UpH_8QPnGBDpehxGRvKu-48dalFoDt224dNY5jSXaQvB9kpE8ZEqF7wDxNLzS-635mqGIbpHBj8P41-O_P1iYRL5tj0gRv8YrWH0jiixG2KtRUnsv4-b3Dty5w.JlwNgsaSeD8a5yKX8jfvRasJwbHn-EgPFUinWdHeNS8&dib_tag=se&keywords=laptop&qid=1756882004&sprefix=lapt%2Caps%2C333&sr=8-74&xpid=RbFd-a7yjl6Ny
9,"Primebook 2 Neo 2025 (New Launch) Gen 2 | 6GB RAM, 128GB UFS 2.2 Storage | MediaTek Helio G99 | Android 15 (PrimeOS 3.0) | in-Built AI | 11.6” Thin & Light | Type-C, USB, MicroSD | Gray","₹15,490",/sspa/click?ie=UTF8&spc=MToyNjI5NjQ2MDY3OTYzMDAxOjE3NTY4ODIwMDI6c3Bfc2VhcmNoX3RoZW1hdGljOjMwMDYyMTQ2MTg5MTEzMjo6NDo6&url=%2FPrimebook-Storage-MediaTek-Android-PrimeOS%2Fdp%2FB0FDLB7BQZ%2Fref%3Dsxin_23_pa_sp_search_thematic_sspa%3Fcontent-id%3Damzn1.sym.24e1f0fb-6b39-49f5-b34a-4ebef8eaef82%253Aamzn1.sym.24e1f0fb-6b39-49f5-b34a-4ebef8eaef82%26crid%3D35FEBR8R2BS66%26cv_ct_cx%3Dlaptop%26keywords%3Dlaptop%26pd_rd_i%3DB0FDLB7BQZ%26pd_rd_r%3D21b32708-1bea-4188-9315-655a5828ae11%26pd_rd_w%3D8uu6c%26pd_rd_wg%3DXZjkm%26pf_rd_p%3D24e1f0fb-6b39-49f5-b34a-4ebef8eaef82%26pf_rd_r%3D3B98RGGJ6TZB2VT93FFP%26qid%3D1756882002%26sbo%3DRZvfv%252F%252FHxDF%252BO5021pAnSA%253D%253D%26sprefix%3Dlapt%252Caps%252C333%26sr%3D1-53-2ec22325-1003-449d-8aaf-c0bcc24717ae-spons%26xpid%3DRbFd-a7yjl6Ny%26sp_csd%3Dd2lkZ2V0TmFtZT1zcF9zZWFyY2hfdGhlbWF0aWM%26psc%3D1&sp_cr=ZAZ
10,"Ienovo ThinkPad T480 InteI Core i5 8th Gen 14-inch Full HD (512GB SSD/16GB RAM/Win 10) Thin and Light,Laptop (Refab) Black","₹25,995",/Ienovo-ThinkPad-InteI-14-inch-Laptop/dp/B0FMJYYQQ5/ref=sr_1_23?crid=35FEBR8R2BS66&dib=eyJ2IjoiMSJ9.LhAv1ca6zmP5LGFtl_xILuiVQIySMSGct_JOlFt9k9_UFjcQQ0i_fmNazxHl2InrSkQRLx-bnwFfAnM5fpGEyHEri5J3g2VTZxxJFkRtCpHerMcBeJ_gm6z-mHX2GvhNX-i5r9eikoWOpTNuPyuODcAGDdgg1NXXULUsvDA4fDHRPVxs0tcKJfX0gr6HVn8AVG_eQodgmRBmwj27oM1M2neEadpjtsXDsyEcbGU-PFo.5PqTv7jmAWrcefu0qc1i7MxoKKpcoJlwR7F6skUsqPI&dib_tag=se&keywords=laptop&qid=1756881998&sprefix=lapt%2Caps%2C333&sr=8-23&xpid=RbFd-a7yjl6Ny
11,"Acer Aspire Lite, AMD Ryzen 7 7730U Processor, 16 GB RAM, 512 GB SSD, Full HD IPS, 15.6""/39.62 cm, Windows 11 Home, MSO, Steel Gray, 1.59 kg, AL15-41, Thin and Light Laptop","₹41,990",/Aspire-Processor-Windows-AL15-41-Laptop/dp/B0FCXZ85YX/ref=sr_1_83?crid=35FEBR8R2BS66&dib=eyJ2IjoiMSJ9.ifqR7Pb_juTd-DikRJuOpsmK2VX06bxGxKO-20fMoa_FAat39pCVa1JeUhEKAgnrlNmmvdWLTHaKCynPaZsipVhPAtUZZrhRGR3Mmey2xvbNWznV6UpH_8QPnGBDpehxGRvKu-48dalFoDt224dNY5jSXaQvB9kpE8ZEqF7wDxNLzS-635mqGIbpHBj8P41-O_P1iYRL5tj0gRv8YrWH0jiixG2KtRUnsv4-b3Dty5w.JlwNgsaSeD8a5yKX8jfvRasJwbHn-EgPFUinWdHeNS8&dib_tag=se&keywords=laptop&qid=1756882004&sprefix=lapt%2Caps%2C333&sr=8-83&xpid=RbFd-a7yjl6Ny
12,"ASUS ROG Strix Scar 16 (2024), Intel Core i9 14900HX 14th Gen, 16""(40.64cm) 2.5K QHD+240Hz, Gaming Laptop (32GB DDR5/2TB SSD/12GB RTX 4080/Win11/Per-Key RGB/90WHr/Black/2.65Kg),G634JZR-CM932WS","₹2,86,805",/ASUS-14900HX-40-64cm-Gaming-G634JZR-CM932WS/dp/B0CV17QD1G/ref=sr_1_82?crid=35FEBR8R2BS66&dib=eyJ2IjoiMSJ9.ifqR7Pb_juTd-DikRJuOpsmK2VX06bxGxKO-20fMoa_FAat39pCVa1JeUhEKAgnrlNmmvdWLTHaKCynPaZsipVhPAtUZZrhRGR3Mmey2xvbNWznV6UpH_8QPnGBDpehxGRvKu-48dalFoDt224dNY5jSXaQvB9kpE8ZEqF7wDxNLzS-635mqGIbpHBj8P41-O_P1iYRL5tj0gRv8YrWH0jiixG2KtRUnsv4-b3Dty5w.JlwNgsaSeD8a5yKX8jfvRasJwbHn-EgPFUinWdHeNS8&dib_tag=se&keywords=laptop&qid=1756882004&sprefix=lapt%2Caps%2C333&sr=8-82&xpid=RbFd-a7yjl6Ny
13,"Acer [SmartChoice Aspire Lite AMD Ryzen 5-5625U Processor, 16 GB/512 GB, Full HD, 15.6""/39.62 cm, Windows 11 Home, Steel Gray, 1.59 kg, AL15-41, Metal Body, Thin and Light Laptop","₹34,490",/5-5625U-Premium-Windows-AL15-41-Display/dp/B0DG2GCTD7/ref=sr_1_22?crid=35FEBR8R2BS66&dib=eyJ2IjoiMSJ9.LhAv1ca6zmP5LGFtl_xILuiVQIySMSGct_JOlFt9k9_UFjcQQ0i_fmNazxHl2InrSkQRLx-bnwFfAnM5fpGEyHEri5J3g2VTZxxJFkRtCpHerMcBeJ_gm6z-mHX2GvhNX-i5r9eikoWOpTNuPyuODcAGDdgg1NXXULUsvDA4fDHRPVxs0tcKJfX0gr6HVn8AVG_eQodgmRBmwj27oM1M2neEadpjtsXDsyEcbGU-PFo.5PqTv7jmAWrcefu0qc1i7MxoKKpcoJlwR7F6skUsqPI&dib_tag=se&keywords=laptop&qid=1756881998&sprefix=lapt%2Caps%2C333&sr=8-22&xpid=RbFd-a7yjl6Ny
14,"DeII 5400 InteI i5 8th Gen, 8GB DDR4 RAM | 256GB SSD - 14"" (35.6cm) FHD| InteI UHD Graphics - HD Camera| Thin & Light (Win10, MS Office) Laptop(Refab) Black","₹24,995",/DeII-5400-InteI-DDR4-256GB/dp/B0FKBF9S4Y/ref=sr_1_62?crid=35FEBR8R2BS66&dib=eyJ2IjoiMSJ9.6-ywc2mX-HyIDn163gzc_Lo_gcMr0G8eZtPapBL0rRN5MRFfCisY754WWp7RSCb6FoG8TxuFtn7HRwo-T7BpdnAe-_V1FjXl8t5I1Hjv-9rVdphR5e1Yv8XOwR7nlqK7eM-PF5DhQ61gvoEU273QZYvI7Gax63WJBuw9t6nk_bLLe5TyjZJXBQ1vp1eZ49hivBN6m_u8nW9nvI26pv9Q9IALeBFD6C4mEldxdOULTg0.vgd0WOwRH5gE1FNu3aIzgEgavHQovcDby0u8S11ogi8&dib_tag=se&keywords=laptop&qid=1756882002&sprefix=lapt%2Caps%2C333&sr=8-62&xpid=RbFd-a7yjl6Ny
15,"HP Victus, 13th Gen Intel Core i5-13420H, 6GB RTX 4050 Gaming Laptop (16GB DDR4, 512GB SSD) 144Hz, IPS, 15.6""/39.6cm, Flicker-Free, Win 11, Office 21, Mica Silver, 2.29kg, Enhanced Cooling, fa1279TX","₹72,490",/sspa/click?ie=UTF8&spc=MToyNjI5NjQ2MDY3OTYzMDAxOjE3NTY4ODIwMDI6c3Bfc2VhcmNoX3RoZW1hdGljOjMwMDY0MjQzOTM1NDAzMjo6MTo6&url=%2FHP-Victus-i5-13420H-Flicker-Free-Enhanced%2Fdp%2FB0F79G1XW6%2Fref%3Dsxin_23_pa_sp_search_thematic_sspa%3Fcontent-id%3Damzn1.sym.24e1f0fb-6b39-49f5-b34a-4ebef8eaef82%253Aamzn1.sym.24e1f0fb-6b39-49f5-b34a-4ebef8eaef82%26crid%3D35FEBR8R2BS66%26cv_ct_cx%3Dlaptop%26keywords%3Dlaptop%26pd_rd_i%3DB0F79G1XW6%26pd_rd_r%3D21b32708-1bea-4188-9315-655a5828ae11%26pd_rd_w%3D8uu6c%26pd_rd_wg%3DXZjkm%26pf_rd_p%3D24e1f0fb-6b39-49f5-b34a-4ebef8eaef82%26pf_rd_r%3D3B98RGGJ6TZB2VT93FFP%26qid%3D1756882002%26sbo%3DRZvfv%252F%252FHxDF%252BO5021pAnSA%253D%253D%26sprefix%3Dlapt%252Caps%252C333%26sr%3D1-50-2ec22325-1003-449d-8aaf-c0bcc24717ae-spons%26xpid%3DRbFd-a7yjl6Ny%26sp_csd%3Dd2lkZ2V0TmFtZT1zcF9zZWFyY2hfdGhlbWF0aWM%26psc%3D1&sp_cr=ZAZ
16,"ULTIMUS Pro Intel Celeron Dual Core Laptop 4GB RAM, 128GB M.2 Emmc Expandable~512GB Intel HD Graphics 2.0x1 3.0x1 USB HDMI Sd Card Slot ‎LPDDR4 Dual Speaker Dual Microphone Win 11 Home Gray, 1.2 kg","₹11,990",/ULTIMUS-Celeron-Expandable-512GB-Graphics-Microphone/dp/B0D98DS8ZR/ref=sr_1_73?crid=35FEBR8R2BS66&dib=eyJ2IjoiMSJ9.ifqR7Pb_juTd-DikRJuOpsmK2VX06bxGxKO-20fMoa_FAat39pCVa1JeUhEKAgnrlNmmvdWLTHaKCynPaZsipVhPAtUZZrhRGR3Mmey2xvbNWznV6UpH_8QPnGBDpehxGRvKu-48dalFoDt224dNY5jSXaQvB9kpE8ZEqF7wDxNLzS-635mqGIbpHBj8P41-O_P1iYRL5tj0gRv8YrWH0jiixG2KtRUnsv4-b3Dty5w.JlwNgsaSeD8a5yKX8jfvRasJwbHn-EgPFUinWdHeNS8&dib_tag=se&keywords=laptop&qid=1756882004&sprefix=lapt%2Caps%2C333&sr=8-73&xpid=RbFd-a7yjl6Ny
17,"Acer Aspire 3 Laptop Intel Core Celeron N4500 Processor Laptop (8 GB LPDDR4X SDRAM/256 GB SSD/Win11 Home/38 WHR/HD Webcam) A324-45 with 35.56 cm (14"") HD Display, Pure Silver, 1.3 KG","₹21,490",/Acer-Celeron-Processor-LPDDR4X-A324-45/dp/B0D7PSYS6B/ref=sr_1_26?crid=35FEBR8R2BS66&dib=eyJ2IjoiMSJ9.LhAv1ca6zmP5LGFtl_xILuiVQIySMSGct_JOlFt9k9_UFjcQQ0i_fmNazxHl2InrSkQRLx-bnwFfAnM5fpGEyHEri5J3g2VTZxxJFkRtCpHerMcBeJ_gm6z-mHX2GvhNX-i5r9eikoWOpTNuPyuODcAGDdgg1NXXULUsvDA4fDHRPVxs0tcKJfX0gr6HVn8AVG_eQodgmRBmwj27oM1M2neEadpjtsXDsyEcbGU-PFo.5PqTv7jmAWrcefu0qc1i7MxoKKpcoJlwR7F6skUsqPI&dib_tag=se&keywords=laptop&qid=1756881998&sprefix=lapt%2Caps%2C333&sr=8-26&xpid=RbFd-a7yjl6Ny
18,"Acer Aspire Lite AMD Ryzen 5-5625U Premium Thin and Light Laptop (16 GB RAM/1TB SSD/Windows 11 Home) AL15-41 39.62 cm (15.6"") Full HD Display Metal Body Steel Gray 1.59 KG","₹36,990",/Acer-Premium-Windows-AL15-41-Display/dp/B0CB7S1RTX/ref=sr_1_43?crid=35FEBR8R2BS66&dib=eyJ2IjoiMSJ9.Tz2wfxdL0EMcY0GgzxMDceM9Arn-TThQm0OXMKVvAHKbt4u99_JHfCBN0tj8PMIIeWs4n7RqezH2j5fYUVbjCT-MDxhAMbKrc6KiG9_vp8YI8SsfFwWkJnQ2HnVMHHz9ZJXb18qxoOxO4a-pe9nu_U6RhE1Xr-N0Ge0w0D2BMnl2e6kQP-BqJJ5iNrdu4sKf0Wjmx8EHaPi2zUgulbgYt0OqZDMxNj4zD1B2ErbBNoQ.J6NSEreu19DRxA6hmLGNrEqevGw-n2oekQoSDi2uwOo&dib_tag=se&keywords=laptop&qid=1756882000&sprefix=lapt%2Caps%2C333&sr=8-43&xpid=RbFd-a7yjl6Ny
19,"Dell 15 Thin & Light Laptop, 13th Generation Intel Core i3-1305U Processor, 8GB DDR4 + 512GB SSD, 15.6"" (39.62cm) FHD 120Hz 250 nits Display, Windows 11 + MSO'21, 12 Month McAfee, Grey, 1.69kg","₹36,790",/sspa/click?ie=UTF8&spc=MTozMjk3NDY1Mjc5NDgxMjE6MTc1Njg4MTk5NjpzcF9zZWFyY2hfdGhlbWF0aWM6MzAwMTY3MzkxMTIyNDMyOjozOjo&url=%2FDell-Inspiron-3530-i3-1305U-Comfortview%2Fdp%2FB0C4ZM63RP%2Fref%3Dsxin_14_pa_sp_search_thematic_sspa%3Fcontent-id%3Damzn1.sym.739e670d-dfb3-4be0-9815-d8c5c0372e07%253Aamzn1.sym.739e670d-dfb3-4be0-9815-d8c5c0372e07%26crid%3D35FEBR8R2BS66%26cv_ct_cx%3Dlaptop%26keywords%3Dlaptop%26pd_rd_i%3DB0C4ZM63RP%26pd_rd_r%3De1f08120-c83a-40e7-a572-d05963d4d79b%26pd_rd_w%3DBCg2P%26pd_rd_wg%3DNukY3%26pf_rd_p%3D739e670d-dfb3-4be0-9815-d8c5c0372e07%26pf_rd_r%3D1R6Y4QRBYPADJ32MP609%26qid%3D1756881996%26sbo%3DRZvfv%252F%252FHxDF%252BO5021pAnSA%253D%253D%26sprefix%3Dlapt%252Caps%252C333%26sr%3D1-4-66673dcf-083f-43ba-b782-d4a436cc5cfb-spons%26xpid%3DRbFd-a7yjl6Ny%26sp_csd%3Dd2lkZ2V0TmFtZT1zcF9zZWFyY2hfdGhlbWF0aWM%26psc%3D1&sp_cr=ZAZ
20,HP 255 G10 ‎‎Laptop AMD Athlon Silver 8GB 256GB 15,"₹22,350",/HP-%E2%80%8E%E2%80%8ELaptop-Athlon-Silver-Windows/dp/B0DV984J97/ref=sr_1_6?crid=35FEBR8R2BS66&dib=eyJ2IjoiMSJ9.FCuxQIpCeN8C_jYQ8ONa2gAEgFCZsjycQnN_mYthWpg8yvKjb7F2dBSgwLUd_xm2t0C7dDo0EVRrnNUDGlUlqm-TdBJ1o7AzhHowbwia94kpZ1nK6XF4-5Ml9SBM5RkuALUDx5FTz_mBTJO6CW5LRGx3Hx3wPyrRIoGn27VItYS2xrgYSJ6M-XY05AftR7wGX_BrEni6DgoHgSOndUnxhE3MeiuGdgLj3_R91-SADXQ.rXoXbhpSaD-j65jB0gy0OLhmvcJ_6qOogVJtogW5Zp8&dib_tag=se&keywords=laptop&qid=1756881996&sprefix=lapt%2Caps%2C333&sr=8-6&xpid=RbFd-a7yjl6Ny
21,"ASUS Vivobook 15, Intel Core i3-1315U 13th Gen, 15.6"" (39.62 cms) FHD, Thin and Light Laptop (8GB RAM/512GB SSD/Win11/MS Office/Backlit Keyboard/Silver/1.7 kg), X1504VA-NJ320WS","₹34,899",/ASUS-Vivobook-i3-1315U-Integrated-X1504VA-NJ320WS/dp/B0CYTD8DVF/ref=sr_1_47?crid=35FEBR8R2BS66&dib=eyJ2IjoiMSJ9.Tz2wfxdL0EMcY0GgzxMDceM9Arn-TThQm0OXMKVvAHKbt4u99_JHfCBN0tj8PMIIeWs4n7RqezH2j5fYUVbjCT-MDxhAMbKrc6KiG9_vp8YI8SsfFwWkJnQ2HnVMHHz9ZJXb18qxoOxO4a-pe9nu_U6RhE1Xr-N0Ge0w0D2BMnl2e6kQP-BqJJ5iNrdu4sKf0Wjmx8EHaPi2zUgulbgYt0OqZDMxNj4zD1B2ErbBNoQ.J6NSEreu19DRxA6hmLGNrEqevGw-n2oekQoSDi2uwOo&dib_tag=se&keywords=laptop&qid=1756882000&sprefix=lapt%2Caps%2C333&sr=8-47&xpid=RbFd-a7yjl6Ny
22,"MSI Katana 15, Intel 14th Gen. i7-14650HX, 40CM QHD 165Hz Gaming Laptop (16GB/1TB NVMe SSD/Windows 11 Home/NVIDIA GeForce RTX 5060, GDDR7 8GB/Black/2.4Kg) B14WFK-262IN","₹1,32,995",/MSI-i7-14650HX-Windows-GeForce-B14WFK-262IN/dp/B097PNJL56/ref=sr_1_77?crid=35FEBR8R2BS66&dib=eyJ2IjoiMSJ9.ifqR7Pb_juTd-DikRJuOpsmK2VX06bxGxKO-20fMoa_FAat39pCVa1JeUhEKAgnrlNmmvdWLTHaKCynPaZsipVhPAtUZZrhRGR3Mmey2xvbNWznV6UpH_8QPnGBDpehxGRvKu-48dalFoDt224dNY5jSXaQvB9kpE8ZEqF7wDxNLzS-635mqGIbpHBj8P41-O_P1iYRL5tj0gRv8YrWH0jiixG2KtRUnsv4-b3Dty5w.JlwNgsaSeD8a5yKX8jfvRasJwbHn-EgPFUinWdHeNS8&dib_tag=se&keywords=laptop&qid=1756882004&sprefix=lapt%2Caps%2C333&sr=8-77&xpid=RbFd-a7yjl6Ny
23,"Lenovo Yoga 7 2-in-1 Intel Core Ultra 7 258V,Copilot+ AI PC(32GB RAM/1TB SSD/14(35.5cm) WQXGA+ OLED/47 Tops/Win 11/Office Home 2024/Yoga Pen/1Year ADP/Seashell/1.38Kg),83JQ000NIN Convertible Laptop","₹1,36,207",/Lenovo-Copilot-Seashell-83JQ000NIN-Convertible/dp/B0F59Z5RDM/ref=sr_1_69?crid=35FEBR8R2BS66&dib=eyJ2IjoiMSJ9.ifqR7Pb_juTd-DikRJuOpsmK2VX06bxGxKO-20fMoa_FAat39pCVa1JeUhEKAgnrlNmmvdWLTHaKCynPaZsipVhPAtUZZrhRGR3Mmey2xvbNWznV6UpH_8QPnGBDpehxGRvKu-48dalFoDt224dNY5jSXaQvB9kpE8ZEqF7wDxNLzS-635mqGIbpHBj8P41-O_P1iYRL5tj0gRv8YrWH0jiixG2KtRUnsv4-b3Dty5w.JlwNgsaSeD8a5yKX8jfvRasJwbHn-EgPFUinWdHeNS8&dib_tag=se&keywords=laptop&qid=1756882004&sprefix=lapt%2Caps%2C333&sr=8-69&xpid=RbFd-a7yjl6Ny
24,"HP 15 (2025), AMD Athlon 7120U Dual Core - (8 GB/256 GB SSD/AMD Radeon Graphics/Windows 11 Pro) Thin and Light Business Laptop/15.6"" HD Display/Black/1.5 kg/MS Office 2021","₹24,990",/HP-15-Athlon-7120U-Dual/dp/B0FKKTBK64/ref=sr_1_33?crid=35FEBR8R2BS66&dib=eyJ2IjoiMSJ9.Tz2wfxdL0EMcY0GgzxMDceM9Arn-TThQm0OXMKVvAHKbt4u99_JHfCBN0tj8PMIIeWs4n7RqezH2j5fYUVbjCT-MDxhAMbKrc6KiG9_vp8YI8SsfFwWkJnQ2HnVMHHz9ZJXb18qxoOxO4a-pe9nu_U6RhE1Xr-N0Ge0w0D2BMnl2e6kQP-BqJJ5iNrdu4sKf0Wjmx8EHaPi2zUgulbgYt0OqZDMxNj4zD1B2ErbBNoQ.J6NSEreu19DRxA6hmLGNrEqevGw-n2oekQoSDi2uwOo&dib_tag=se&keywords=laptop&qid=1756882000&sprefix=lapt%2Caps%2C333&sr=8-33&xpid=RbFd-a7yjl6Ny
25,"HP Smartchoice Omen AMD Ryzen 7 7840Hs, 8GB RTX 4060 (16GB DDR5, 1TB SSD) FHD, 165Hz, 300Nits, IPS, 16.1''/40.9cm, Win11, Office 21, Black, 2.32kg, Xd0020ax, RGB kb, Tempest Cooling, AI Gaming Laptop","₹1,05,990",/Smartchoice-300Nits-Xd0020ax-Tempest-Cooling/dp/B0CCVZP835/ref=sr_1_56?crid=35FEBR8R2BS66&dib=eyJ2IjoiMSJ9.6-ywc2mX-HyIDn163gzc_Lo_gcMr0G8eZtPapBL0rRN5MRFfCisY754WWp7RSCb6FoG8TxuFtn7HRwo-T7BpdnAe-_V1FjXl8t5I1Hjv-9rVdphR5e1Yv8XOwR7nlqK7eM-PF5DhQ61gvoEU273QZYvI7Gax63WJBuw9t6nk_bLLe5TyjZJXBQ1vp1eZ49hivBN6m_u8nW9nvI26pv9Q9IALeBFD6C4mEldxdOULTg0.vgd0WOwRH5gE1FNu3aIzgEgavHQovcDby0u8S11ogi8&dib_tag=se&keywords=laptop&qid=1756882002&sprefix=lapt%2Caps%2C333&sr=8-56&xpid=RbFd-a7yjl6Ny
26,"HP 14 AI, Intel Core Ultra 7 155H (16GB DDR5, 512GB SSD) FHD, Anti-Glare, 14""/35.6cm, Win11, Office21, Silver, 1.4kg, gr1023TU, Intel Arc Graphics, FHD Camera w/Shutter, Backlit Kb AI Powered Laptop","₹83,805",/HP-14-inch-Graphics-Privacy-gr1023TU/dp/B0D8J85F5X/ref=sr_1_67?crid=35FEBR8R2BS66&dib=eyJ2IjoiMSJ9.6-ywc2mX-HyIDn163gzc_Lo_gcMr0G8eZtPapBL0rRN5MRFfCisY754WWp7RSCb6FoG8TxuFtn7HRwo-T7BpdnAe-_V1FjXl8t5I1Hjv-9rVdphR5e1Yv8XOwR7nlqK7eM-PF5DhQ61gvoEU273QZYvI7Gax63WJBuw9t6nk_bLLe5TyjZJXBQ1vp1eZ49hivBN6m_u8nW9nvI26pv9Q9IALeBFD6C4mEldxdOULTg0.vgd0WOwRH5gE1FNu3aIzgEgavHQovcDby0u8S11ogi8&dib_tag=se&keywords=laptop&qid=1756882002&sprefix=lapt%2Caps%2C333&sr=8-67&xpid=RbFd-a7yjl6Ny
27,"HP 15, 13th Gen Intel Core i3-1315U Laptop (8GB DDR4, 512GB SSD) Anti-Glare, Micro-Edge, 15.6""/39.6cm, FHD, Win 11, MSO 21, Silver, 1.59kg, Intel UHD Graphics, 1080p FHD Camera, 15-fd0006TU/fd0186tu","₹36,000",/HP-i3-1315U-Anti-Glare-Micro-Edge-Graphics/dp/B0D2KDCWJL/ref=sr_1_79?crid=35FEBR8R2BS66&dib=eyJ2IjoiMSJ9.ifqR7Pb_juTd-DikRJuOpsmK2VX06bxGxKO-20fMoa_FAat39pCVa1JeUhEKAgnrlNmmvdWLTHaKCynPaZsipVhPAtUZZrhRGR3Mmey2xvbNWznV6UpH_8QPnGBDpehxGRvKu-48dalFoDt224dNY5jSXaQvB9kpE8ZEqF7wDxNLzS-635mqGIbpHBj8P41-O_P1iYRL5tj0gRv8YrWH0jiixG2KtRUnsv4-b3Dty5w.JlwNgsaSeD8a5yKX8jfvRasJwbHn-EgPFUinWdHeNS8&dib_tag=se&keywords=laptop&qid=1756882004&sprefix=lapt%2Caps%2C333&sr=8-79&xpid=RbFd-a7yjl6Ny
28,"HP Victus Gaming Laptop, AMD Ryzen 5 5600H, AMD 4GB Radeon RX 6500M Graphics, 15.6-inch (39.6 cm), FHD, IPS, 8GB DDR4, 512GB SSD, Backlit KB, B&O (Win 11, Blue, 2.29 kg), fb0147AX, fb0184ax","₹47,990",/HP-Graphics-15-6-inch-Backlit-fb0147AX/dp/B0C946F286/ref=sr_1_17?crid=35FEBR8R2BS66&dib=eyJ2IjoiMSJ9.LhAv1ca6zmP5LGFtl_xILuiVQIySMSGct_JOlFt9k9_UFjcQQ0i_fmNazxHl2InrSkQRLx-bnwFfAnM5fpGEyHEri5J3g2VTZxxJFkRtCpHerMcBeJ_gm6z-mHX2GvhNX-i5r9eikoWOpTNuPyuODcAGDdgg1NXXULUsvDA4fDHRPVxs0tcKJfX0gr6HVn8AVG_eQodgmRBmwj27oM1M2neEadpjtsXDsyEcbGU-PFo.5PqTv7jmAWrcefu0qc1i7MxoKKpcoJlwR7F6skUsqPI&dib_tag=se&keywords=laptop&qid=1756881998&sprefix=lapt%2Caps%2C333&sr=8-17&xpid=RbFd-a7yjl6Ny
29,"Dell 15 Thin & Light Laptop, 13th Generation Intel Core i3-1305U Processor, 8GB DDR4 + 512GB SSD, 15.6"" (39.62cm) FHD 120Hz 250 nits Display, Windows 11 + MSO'21, 12 Month McAfee, Grey, 1.69kg","₹35,490",/sspa/click?ie=UTF8&spc=MTo0MjA3NzA2NTY3MjU0MDAzOjE3NTY4ODIwMDU6c3BfYnRmOjMwMDY2MDU2NjQxNDAzMjo6MDo6&url=%2FDell-i3-1305U-39-62cm-Windows-Display%2Fdp%2FB0D82XJMG1%2Fref%3Dsr_1_85_sspa%3Fcrid%3D35FEBR8R2BS66%26dib%3DeyJ2IjoiMSJ9.ifqR7Pb_juTd-DikRJuOpsmK2VX06bxGxKO-20fMoa_FAat39pCVa1JeUhEKAgnrlNmmvdWLTHaKCynPaZsipVhPAtUZZrhRGR3Mmey2xvbNWznV6UpH_8QPnGBDpehxGRvKu-48dalFoDt224dNY5jSXaQvB9kpE8ZEqF7wDxNLzS-635mqGIbpHBj8P41-O_P1iYRL5tj0gRv8YrWH0jiixG2KtRUnsv4-b3Dty5w.JlwNgsaSeD8a5yKX8jfvRasJwbHn-EgPFUinWdHeNS8%26dib_tag%3Dse%26keywords%3Dlaptop%26qid%3D1756882004%26sprefix%3Dlapt%252Caps%252C333%26sr%3D8-85-spons%26xpid%3DRbFd-a7yjl6Ny%26sp_csd%3Dd2lkZ2V0TmFtZT1zcF9idGY%26psc%3D1&aref=CRNucFcatC&sp_cr=ZAZ
30,"Acer [SmartChoice Aspire 3 Laptop Intel Core Celeron N4500 Processor Laptop (8 GB LPDDR4X SDRAM/256 GB SSD/Win11 Home/38 WHR/HD Webcam) A325-45 with 39.63 cm (15.6"") HD Display, Pure Silver, 1.5 KG","₹22,990",/Acer-Celeron-Processor-LPDDR4X-A325-45/dp/B0D7PTFFZH/ref=sr_1_68?crid=35FEBR8R2BS66&dib=eyJ2IjoiMSJ9.ifqR7Pb_juTd-DikRJuOpsmK2VX06bxGxKO-20fMoa_FAat39pCVa1JeUhEKAgnrlNmmvdWLTHaKCynPaZsipVhPAtUZZrhRGR3Mmey2xvbNWznV6UpH_8QPnGBDpehxGRvKu-48dalFoDt224dNY5jSXaQvB9kpE8ZEqF7wDxNLzS-635mqGIbpHBj8P41-O_P1iYRL5tj0gRv8YrWH0jiixG2KtRUnsv4-b3Dty5w.JlwNgsaSeD8a5yKX8jfvRasJwbHn-EgPFUinWdHeNS8&dib_tag=se&keywords=laptop&qid=1756882004&sprefix=lapt%2Caps%2C333&sr=8-68&xpid=RbFd-a7yjl6Ny
31,"Lenovo LOQ 2024 Intel Core i5-12450HX 15.6"" (39.6cm) 144Hz 300Nits FHD IPS Gaming Laptop (24GB/512GB SSD/Win 11/NVIDIA RTX 3050 6GB Graphics/1Yr ADP Free/MSO 21/3 Mon Game Pass/Grey/2.4Kg), 83GS0098IN","₹69,900",/sspa/click?ie=UTF8&spc=MToyMTcxNDM0NjE4NTI3NTQ6MTc1Njg4MjAwNTpzcF9zZWFyY2hfdGhlbWF0aWM6MzAwNDU2MTIxMTQ1OTMyOjoyOjo&url=%2FLenovo-i5-12450HX-300Nits-Graphics-83GS0098IN%2Fdp%2FB0DB218DK7%2Fref%3Dsxin_23_pa_sp_search_thematic_sspa%3Fcontent-id%3Damzn1.sym.24e1f0fb-6b39-49f5-b34a-4ebef8eaef82%253Aamzn1.sym.24e1f0fb-6b39-49f5-b34a-4ebef8eaef82%26crid%3D35FEBR8R2BS66%26cv_ct_cx%3Dlaptop%26keywords%3Dlaptop%26pd_rd_i%3DB0DB218DK7%26pd_rd_r%3Df6935c7e-f40c-4e79-be4b-918de93b0d43%26pd_rd_w%3D8e4sb%26pd_rd_wg%3DdKgkh%26pf_rd_p%3D24e1f0fb-6b39-49f5-b34a-4ebef8eaef82%26pf_rd_r%3DTT2TZCKKGTZS912A78MR%26qid%3D1756882004%26sbo%3DRZvfv%252F%252FHxDF%252BO5021pAnSA%253D%253D%26sprefix%3Dlapt%252Caps%252C333%26sr%3D1-67-2ec22325-1003-449d-8aaf-c0bcc24717ae-spons%26xpid%3DRbFd-a7yjl6Ny%26sp_csd%3Dd2lkZ2V0TmFtZT1zcF9zZWFyY2hfdGhlbWF0aWM%26psc%3D1&sp_cr=ZAZ
32,"HP 250 G9 Intel Celeron Dual Core 4500u - (8 GB/256 GB SSD/Windows 11) Laptop (15.6 inch, Silver, 1.75 kg)","₹22,499",/HP-Intel-Celeron-Dual-4500u/dp/B0CZDRCHQ5/ref=sr_1_52?crid=35FEBR8R2BS66&dib=eyJ2IjoiMSJ9.6-ywc2mX-HyIDn163gzc_Lo_gcMr0G8eZtPapBL0rRN5MRFfCisY754WWp7RSCb6FoG8TxuFtn7HRwo-T7BpdnAe-_V1FjXl8t5I1Hjv-9rVdphR5e1Yv8XOwR7nlqK7eM-PF5DhQ61gvoEU273QZYvI7Gax63WJBuw9t6nk_bLLe5TyjZJXBQ1vp1eZ49hivBN6m_u8nW9nvI26pv9Q9IALeBFD6C4mEldxdOULTg0.vgd0WOwRH5gE1FNu3aIzgEgavHQovcDby0u8S11ogi8&dib_tag=se&keywords=laptop&qid=1756882002&sprefix=lapt%2Caps%2C333&sr=8-52&xpid=RbFd-a7yjl6Ny
33,"HP 14 (2025), 245 G10 AMD Ryzen 5 7520U Quad Core - (8 GB/512 GB SSD/AMD Radeon Graphics/Windows 11) Thin and Light Business Laptop/14.0"" HD Display/Ash Grey/1.36 kg/MS Office 2021","₹28,920",/HP-14-Ryzen-7520U-Quad/dp/B0F6V25PSC/ref=sr_1_13?crid=35FEBR8R2BS66&dib=eyJ2IjoiMSJ9.FCuxQIpCeN8C_jYQ8ONa2gAEgFCZsjycQnN_mYthWpg8yvKjb7F2dBSgwLUd_xm2t0C7dDo0EVRrnNUDGlUlqm-TdBJ1o7AzhHowbwia94kpZ1nK6XF4-5Ml9SBM5RkuALUDx5FTz_mBTJO6CW5LRGx3Hx3wPyrRIoGn27VItYS2xrgYSJ6M-XY05AftR7wGX_BrEni6DgoHgSOndUnxhE3MeiuGdgLj3_R91-SADXQ.rXoXbhpSaD-j65jB0gy0OLhmvcJ_6qOogVJtogW5Zp8&dib_tag=se&keywords=laptop&qid=1756881996&sprefix=lapt%2Caps%2C333&sr=8-13&xpid=RbFd-a7yjl6Ny
34,"
HP 15, 13th Gen Intel Core i3-1315U Laptop (8GB DDR4,512GB
                    SSD) Anti-Glare, Micro-Edge,15.6''/39.6cm, FHD, Win11,M365
                    Basic(1yr),Office Home24, Silver,1.59kg, FHD Camera
                    w/Privacy Shutter, fd0569TU
","₹35,990",/HP-i3-1315U-Anti-Glare-Micro-Edge-fd0569TU/dp/B0F4R5W1NC/ref=sr_1_2?crid=35FEBR8R2BS66&dib=eyJ2IjoiMSJ9.FCuxQIpCeN8C_jYQ8ONa2gAEgFCZsjycQnN_mYthWpg8yvKjb7F2dBSgwLUd_xm2t0C7dDo0EVRrnNUDGlUlqm-TdBJ1o7AzhHowbwia94kpZ1nK6XF4-5Ml9SBM5RkuALUDx5FTz_mBTJO6CW5LRGx3Hx3wPyrRIoGn27VItYS2xrgYSJ6M-XY05AftR7wGX_BrEni6DgoHgSOndUnxhE3MeiuGdgLj3_R91-SADXQ.rXoXbhpSaD-j65jB0gy0OLhmvcJ_6qOogVJtogW5Zp8&dib_tag=se&keywords=laptop&qid=1756881996&sprefix=lapt%2Caps%2C333&sr=8-2&xpid=RbFd-a7yjl6Ny
35,ULTIMUS APEX Laptop Intel Celeron Dual Core 8 GB LPDDR4 512 GB SSD Expandable~1TB 14.1 FHD IPS Laptop Anti-Glare Ultra Thin Bezel 180° Hinge 3.0x3 USB HDMI SD Card Slot Win 11 Home 1.25KG Silver,"₹17,990",/ULTIMUS-Laptop-Celeron-Expandable-1TB-Anti-Glare/dp/B0F5WTFC3D/ref=sr_1_36?crid=35FEBR8R2BS66&dib=eyJ2IjoiMSJ9.Tz2wfxdL0EMcY0GgzxMDceM9Arn-TThQm0OXMKVvAHKbt4u99_JHfCBN0tj8PMIIeWs4n7RqezH2j5fYUVbjCT-MDxhAMbKrc6KiG9_vp8YI8SsfFwWkJnQ2HnVMHHz9ZJXb18qxoOxO4a-pe9nu_U6RhE1Xr-N0Ge0w0D2BMnl2e6kQP-BqJJ5iNrdu4sKf0Wjmx8EHaPi2zUgulbgYt0OqZDMxNj4zD1B2ErbBNoQ.J6NSEreu19DRxA6hmLGNrEqevGw-n2oekQoSDi2uwOo&dib_tag=se&keywords=laptop&qid=1756882000&sprefix=lapt%2Caps%2C333&sr=8-36&xpid=RbFd-a7yjl6Ny
36,"Primebook 2 Neo 2025 (New Launch) Gen 2 | 6GB RAM, 128GB UFS 2.2 Storage | MediaTek Helio G99 | Android 15 (PrimeOS 3.0) | in-Built AI | 11.6” Thin & Light | Type-C, USB, MicroSD | Gray","₹15,490",/Primebook-Storage-MediaTek-Android-PrimeOS/dp/B0FDLB7BQZ/ref=sr_1_37?crid=35FEBR8R2BS66&dib=eyJ2IjoiMSJ9.Tz2wfxdL0EMcY0GgzxMDceM9Arn-TThQm0OXMKVvAHKbt4u99_JHfCBN0tj8PMIIeWs4n7RqezH2j5fYUVbjCT-MDxhAMbKrc6KiG9_vp8YI8SsfFwWkJnQ2HnVMHHz9ZJXb18qxoOxO4a-pe9nu_U6RhE1Xr-N0Ge0w0D2BMnl2e6kQP-BqJJ5iNrdu4sKf0Wjmx8EHaPi2zUgulbgYt0OqZDMxNj4zD1B2ErbBNoQ.J6NSEreu19DRxA6hmLGNrEqevGw-n2oekQoSDi2uwOo&dib_tag=se&keywords=laptop&qid=1756882000&sprefix=lapt%2Caps%2C333&sr=8-37&xpid=RbFd-a7yjl6Ny
37,"HP 15, AMD Ryzen 3 7320U (8GB LPDDR5, 512GB SSD) FHD, Anti-Glare, Micro-Edge, 15.6""/39.6cm, Win 11, Office 21, Silver, 1.59kg, fc0154AU, AMD Radeon Graphics, 1080p FHD Camera Laptop","₹30,800",/HP-Laptop-15-6-inch-Graphics-fc0154AU/dp/B0D3HG5CMG/ref=sr_1_1?crid=35FEBR8R2BS66&dib=eyJ2IjoiMSJ9.FCuxQIpCeN8C_jYQ8ONa2gAEgFCZsjycQnN_mYthWpg8yvKjb7F2dBSgwLUd_xm2t0C7dDo0EVRrnNUDGlUlqm-TdBJ1o7AzhHowbwia94kpZ1nK6XF4-5Ml9SBM5RkuALUDx5FTz_mBTJO6CW5LRGx3Hx3wPyrRIoGn27VItYS2xrgYSJ6M-XY05AftR7wGX_BrEni6DgoHgSOndUnxhE3MeiuGdgLj3_R91-SADXQ.rXoXbhpSaD-j65jB0gy0OLhmvcJ_6qOogVJtogW5Zp8&dib_tag=se&keywords=laptop&qid=1756881996&sprefix=lapt%2Caps%2C333&sr=8-1&xpid=RbFd-a7yjl6Ny
38,"JioBook 11 with Lifetime Office/Android 4G Laptop Mediatek 8788 (JioOS) / Octa-core/ 4GB RAM / 64 eMMC Storage/Thin and Light Laptop (11.6 inch, 990 Grams)/ Dual Band WiFi + SIM/Blue","₹12,990",/JioBook-Octa-Core-LPDDR4-JioOS-Expandable/dp/B0CKX9PY1H/ref=sr_1_12?crid=35FEBR8R2BS66&dib=eyJ2IjoiMSJ9.FCuxQIpCeN8C_jYQ8ONa2gAEgFCZsjycQnN_mYthWpg8yvKjb7F2dBSgwLUd_xm2t0C7dDo0EVRrnNUDGlUlqm-TdBJ1o7AzhHowbwia94kpZ1nK6XF4-5Ml9SBM5RkuALUDx5FTz_mBTJO6CW5LRGx3Hx3wPyrRIoGn27VItYS2xrgYSJ6M-XY05AftR7wGX_BrEni6DgoHgSOndUnxhE3MeiuGdgLj3_R91-SADXQ.rXoXbhpSaD-j65jB0gy0OLhmvcJ_6qOogVJtogW5Zp8&dib_tag=se&keywords=laptop&qid=1756881996&sprefix=lapt%2Caps%2C333&sr=8-12&xpid=RbFd-a7yjl6Ny
39,"ASUS TUF Gaming A15, AMD Ryzen 7 7435HS Gaming Laptop(NVIDIA RTX 3050-4GB/60W TGP/16GB RAM/512GB SSD/FHD/15.6""/144Hz/RGB KB/48WHr/Windows 11//Graphite Black/2.30 Kg) FA506NCR-HN054W","₹63,990",/ASUS-15-6-inch-GeForce-Graphite-FA506NCR-HN054W/dp/B0D5DFR78J/ref=sr_1_53?crid=35FEBR8R2BS66&dib=eyJ2IjoiMSJ9.6-ywc2mX-HyIDn163gzc_Lo_gcMr0G8eZtPapBL0rRN5MRFfCisY754WWp7RSCb6FoG8TxuFtn7HRwo-T7BpdnAe-_V1FjXl8t5I1Hjv-9rVdphR5e1Yv8XOwR7nlqK7eM-PF5DhQ61gvoEU273QZYvI7Gax63WJBuw9t6nk_bLLe5TyjZJXBQ1vp1eZ49hivBN6m_u8nW9nvI26pv9Q9IALeBFD6C4mEldxdOULTg0.vgd0WOwRH5gE1FNu3aIzgEgavHQovcDby0u8S11ogi8&dib_tag=se&keywords=laptop&qid=1756882002&sprefix=lapt%2Caps%2C333&sr=8-53&xpid=RbFd-a7yjl6Ny
40,"HP Victus, 13th Gen Intel Core i5-13420H, 6GB RTX 4050 Gaming Laptop (16GB DDR4, 512GB SSD) 144Hz, IPS, 15.6""/39.6cm, Flicker-Free, Win 11, Office 21, Mica Silver, 2.29kg, Enhanced Cooling, fa1279TX","₹72,490",/sspa/click?ie=UTF8&spc=MToyMTcxNDM0NjE4NTI3NTQ6MTc1Njg4MjAwNTpzcF9zZWFyY2hfdGhlbWF0aWM6MzAwNjQyNDM5MzU0MDMyOjoxOjo&url=%2FHP-Victus-i5-13420H-Flicker-Free-Enhanced%2Fdp%2FB0F79G1XW6%2Fref%3Dsxin_23_pa_sp_search_thematic_sspa%3Fcontent-id%3Damzn1.sym.24e1f0fb-6b39-49f5-b34a-4ebef8eaef82%253Aamzn1.sym.24e1f0fb-6b39-49f5-b34a-4ebef8eaef82%26crid%3D35FEBR8R2BS66%26cv_ct_cx%3Dlaptop%26keywords%3Dlaptop%26pd_rd_i%3DB0F79G1XW6%26pd_rd_r%3Df6935c7e-f40c-4e79-be4b-918de93b0d43%26pd_rd_w%3D8e4sb%26pd_rd_wg%3DdKgkh%26pf_rd_p%3D24e1f0fb-6b39-49f5-b34a-4ebef8eaef82%26pf_rd_r%3DTT2TZCKKGTZS912A78MR%26qid%3D1756882004%26sbo%3DRZvfv%252F%252FHxDF%252BO5021pAnSA%253D%253D%26sprefix%3Dlapt%252Caps%252C333%26sr%3D1-66-2ec22325-1003-449d-8aaf-c0bcc24717ae-spons%26xpid%3DRbFd-a7yjl6Ny%26sp_csd%3Dd2lkZ2V0TmFtZT1zcF9zZWFyY2hfdGhlbWF0aWM%26psc%3D1&sp_cr=ZAZ
41,"Cable World Educational Laptop Computer Toy Educational Computer for Kids Above 3 Years - 20 Fun Activity Learning Machine, Now Learn Letter, Words, Games, Mathematics, Music, Logic, Memory Tool,Blue",₹699,/Cable-Tricycle-Dancing-Battery-Operated/dp/B08BJC3HXK/ref=sr_1_67?crid=35FEBR8R2BS66&dib=eyJ2IjoiMSJ9.ifqR7Pb_juTd-DikRJuOpsmK2VX06bxGxKO-20fMoa_FAat39pCVa1JeUhEKAgnrlNmmvdWLTHaKCynPaZsipVhPAtUZZrhRGR3Mmey2xvbNWznV6UpH_8QPnGBDpehxGRvKu-48dalFoDt224dNY5jSXaQvB9kpE8ZEqF7wDxNLzS-635mqGIbpHBj8P41-O_P1iYRL5tj0gRv8YrWH0jiixG2KtRUnsv4-b3Dty5w.JlwNgsaSeD8a5yKX8jfvRasJwbHn-EgPFUinWdHeNS8&dib_tag=se&keywords=laptop&qid=1756882004&sprefix=lapt%2Caps%2C333&sr=8-67&xpid=RbFd-a7yjl6Ny
42,Microsoft New Surface Laptop (7th Edition) - Windows 11 Home Copilot + PC - 15” LCD PixelSense Touchscreen - Qualcomm Snapdragon X Elite (12 Core) - 16GB RAM - 256GB SSD - Platinum - ZHG-00023,"₹1,24,448",/Microsoft-New-Surface-Laptop-7th/dp/B0D925NBZG/ref=sr_1_84?crid=35FEBR8R2BS66&dib=eyJ2IjoiMSJ9.ifqR7Pb_juTd-DikRJuOpsmK2VX06bxGxKO-20fMoa_FAat39pCVa1JeUhEKAgnrlNmmvdWLTHaKCynPaZsipVhPAtUZZrhRGR3Mmey2xvbNWznV6UpH_8QPnGBDpehxGRvKu-48dalFoDt224dNY5jSXaQvB9kpE8ZEqF7wDxNLzS-635mqGIbpHBj8P41-O_P1iYRL5tj0gRv8YrWH0jiixG2KtRUnsv4-b3Dty5w.JlwNgsaSeD8a5yKX8jfvRasJwbHn-EgPFUinWdHeNS8&dib_tag=se&keywords=laptop&qid=1756882004&sprefix=lapt%2Caps%2C333&sr=8-84&xpid=RbFd-a7yjl6Ny
43,"HP 15, 13th Gen Intel Core i3-1315U (12GB DDR4, 512GB SSD) FHD, Anti-Glare, Micro-Edge, 15.6''/39.6cm, Win11, M365 Basic(1yr)* Office24, Silver, 1.59kg, fd0573TU, FHD Camera w/Shutter Laptop","₹38,490",/HP-i3-1315U-Anti-Glare-Micro-Edge-fd0573TU/dp/B0F4R3GFMQ/ref=sr_1_16?crid=35FEBR8R2BS66&dib=eyJ2IjoiMSJ9.FCuxQIpCeN8C_jYQ8ONa2gAEgFCZsjycQnN_mYthWpg8yvKjb7F2dBSgwLUd_xm2t0C7dDo0EVRrnNUDGlUlqm-TdBJ1o7AzhHowbwia94kpZ1nK6XF4-5Ml9SBM5RkuALUDx5FTz_mBTJO6CW5LRGx3Hx3wPyrRIoGn27VItYS2xrgYSJ6M-XY05AftR7wGX_BrEni6DgoHgSOndUnxhE3MeiuGdgLj3_R91-SADXQ.rXoXbhpSaD-j65jB0gy0OLhmvcJ_6qOogVJtogW5Zp8&dib_tag=se&keywords=laptop&qid=1756881996&sprefix=lapt%2Caps%2C333&sr=8-16&xpid=RbFd-a7yjl6Ny
44,"DELL 15 (2020) Intel Core i3 11th Gen 1115U - (4 GB/256 GB SSD/Intel UHD Graphics/Windows 9 Pro) /15.6"" HD Display/Smoky Black/1.5 kg/MSO 1995/1 Year ADP Warranty","₹35,590",/DELL-15-Intel-Core-1315U/dp/B0FCMYSMLW/ref=sr_1_68?crid=35FEBR8R2BS66&dib=eyJ2IjoiMSJ9.6-ywc2mX-HyIDn163gzc_Lo_gcMr0G8eZtPapBL0rRN5MRFfCisY754WWp7RSCb6FoG8TxuFtn7HRwo-T7BpdnAe-_V1FjXl8t5I1Hjv-9rVdphR5e1Yv8XOwR7nlqK7eM-PF5DhQ61gvoEU273QZYvI7Gax63WJBuw9t6nk_bLLe5TyjZJXBQ1vp1eZ49hivBN6m_u8nW9nvI26pv9Q9IALeBFD6C4mEldxdOULTg0.vgd0WOwRH5gE1FNu3aIzgEgavHQovcDby0u8S11ogi8&dib_tag=se&keywords=laptop&qid=1756882002&sprefix=lapt%2Caps%2C333&sr=8-68&xpid=RbFd-a7yjl6Ny
45,"Chuwi HeroBook Plus 15.6"" FHD Laptop, Intel Celeron N4020 Dual Core Processor Upto 2.80GHz, 8GB RAM, 256GB SSD, Intel UHD Graphics, Windows 11,WiFi 6,Webcam,BT 5.2,HDMI Port,38Wh, 1.74kg (Iron Gray)","₹19,990",/Chuwi-HeroBook-Plus-Processor-Graphics/dp/B0D9QQ7SS1/ref=sr_1_78?crid=35FEBR8R2BS66&dib=eyJ2IjoiMSJ9.ifqR7Pb_juTd-DikRJuOpsmK2VX06bxGxKO-20fMoa_FAat39pCVa1JeUhEKAgnrlNmmvdWLTHaKCynPaZsipVhPAtUZZrhRGR3Mmey2xvbNWznV6UpH_8QPnGBDpehxGRvKu-48dalFoDt224dNY5jSXaQvB9kpE8ZEqF7wDxNLzS-635mqGIbpHBj8P41-O_P1iYRL5tj0gRv8YrWH0jiixG2KtRUnsv4-b3Dty5w.JlwNgsaSeD8a5yKX8jfvRasJwbHn-EgPFUinWdHeNS8&dib_tag=se&keywords=laptop&qid=1756882004&sprefix=lapt%2Caps%2C333&sr=8-78&xpid=RbFd-a7yjl6Ny
46,"Acer Aspire Lite, AMD Ryzen 5-5625U, 16GB RAM, 512GB SSD, FHD, 15.6""/39.62cm, Windows 11 Home, Steel Gray, 1.59KG, AL15-41, Metal Body, Backlit Keyboard, Premium Thin and Light Laptop","₹34,990",/Acer-5-5625U-AL15-41-Multicolor-Keyboard/dp/B0DG2LSP9N/ref=sr_1_57?crid=35FEBR8R2BS66&dib=eyJ2IjoiMSJ9.6-ywc2mX-HyIDn163gzc_Lo_gcMr0G8eZtPapBL0rRN5MRFfCisY754WWp7RSCb6FoG8TxuFtn7HRwo-T7BpdnAe-_V1FjXl8t5I1Hjv-9rVdphR5e1Yv8XOwR7nlqK7eM-PF5DhQ61gvoEU273QZYvI7Gax63WJBuw9t6nk_bLLe5TyjZJXBQ1vp1eZ49hivBN6m_u8nW9nvI26pv9Q9IALeBFD6C4mEldxdOULTg0.vgd0WOwRH5gE1FNu3aIzgEgavHQovcDby0u8S11ogi8&dib_tag=se&keywords=laptop&qid=1756882002&sprefix=lapt%2Caps%2C333&sr=8-57&xpid=RbFd-a7yjl6Ny
47,"Lenovo V15 Intel Celeron N4500 15.6"" (39.62 cm) FHD (1920x1080) Antiglare 250 Nits Thin and Light Laptop (8GB RAM/256GB SSD/Windows 11 Home/Black/1Y Onsite/1.7 kg), 82QYA00MIN","₹22,980",/Lenovo-Celeron-1920x1080-Antiglare-82QYA00MIN/dp/B0C28FKJXG/ref=sr_1_32?crid=35FEBR8R2BS66&dib=eyJ2IjoiMSJ9.LhAv1ca6zmP5LGFtl_xILuiVQIySMSGct_JOlFt9k9_UFjcQQ0i_fmNazxHl2InrSkQRLx-bnwFfAnM5fpGEyHEri5J3g2VTZxxJFkRtCpHerMcBeJ_gm6z-mHX2GvhNX-i5r9eikoWOpTNuPyuODcAGDdgg1NXXULUsvDA4fDHRPVxs0tcKJfX0gr6HVn8AVG_eQodgmRBmwj27oM1M2neEadpjtsXDsyEcbGU-PFo.5PqTv7jmAWrcefu0qc1i7MxoKKpcoJlwR7F6skUsqPI&dib_tag=se&keywords=laptop&qid=1756881998&sprefix=lapt%2Caps%2C333&sr=8-32&xpid=RbFd-a7yjl6Ny
48,"Acer Aspire 3, Intel Core Celeron N4500, 8GB LPDDR4X, 512GB SSD, HD, 14""/35.56cm, Windows 11 Home, Pure Silver, 1.3KG, A324-45, HD Webcam, 38 WHR Laptop","₹22,990",/Acer-Celeron-Processor-LPDDR4X-A324-45/dp/B0D7PSTHRD/ref=sr_1_15?crid=35FEBR8R2BS66&dib=eyJ2IjoiMSJ9.FCuxQIpCeN8C_jYQ8ONa2gAEgFCZsjycQnN_mYthWpg8yvKjb7F2dBSgwLUd_xm2t0C7dDo0EVRrnNUDGlUlqm-TdBJ1o7AzhHowbwia94kpZ1nK6XF4-5Ml9SBM5RkuALUDx5FTz_mBTJO6CW5LRGx3Hx3wPyrRIoGn27VItYS2xrgYSJ6M-XY05AftR7wGX_BrEni6DgoHgSOndUnxhE3MeiuGdgLj3_R91-SADXQ.rXoXbhpSaD-j65jB0gy0OLhmvcJ_6qOogVJtogW5Zp8&dib_tag=se&keywords=laptop&qid=1756881996&sprefix=lapt%2Caps%2C333&sr=8-15&xpid=RbFd-a7yjl6Ny
49,"HP Victus, AMD Ryzen 9-8945HS, 8GB RTX 4060, Upgrade (Upto 32GB) 16GB RAM, 1TB SSD, 144Hz, 300nits, IPS, 15.6""/39.6cm, FHD, Win11, M365* Office 24, Blue, 2.29Kg, Backlit, fb3025AX, AI Gaming Laptop","₹98,990",/HP-9-8945HS-Upgrade-300nits-fb3025AX/dp/B0DTJ3PX6T/ref=sr_1_54?crid=35FEBR8R2BS66&dib=eyJ2IjoiMSJ9.6-ywc2mX-HyIDn163gzc_Lo_gcMr0G8eZtPapBL0rRN5MRFfCisY754WWp7RSCb6FoG8TxuFtn7HRwo-T7BpdnAe-_V1FjXl8t5I1Hjv-9rVdphR5e1Yv8XOwR7nlqK7eM-PF5DhQ61gvoEU273QZYvI7Gax63WJBuw9t6nk_bLLe5TyjZJXBQ1vp1eZ49hivBN6m_u8nW9nvI26pv9Q9IALeBFD6C4mEldxdOULTg0.vgd0WOwRH5gE1FNu3aIzgEgavHQovcDby0u8S11ogi8&dib_tag=se&keywords=laptop&qid=1756882002&sprefix=lapt%2Caps%2C333&sr=8-54&xpid=RbFd-a7yjl6Ny
50,"HP 15, Intel Ci7-13620H 13th Gen Laptop (16GB DDR4, 512GB SSD) Anti-Glare, Micro-Edge, 15.6''/39.6cm, FHD, Win11, M365 Basic(1yr), Office Home24, Silver,1.65kg, FHD Camera W P. Shutter, Backlit","₹70,990",/HP-Ci7-13620H-Anti-Glare-Micro-Edge-Shutter/dp/B0FJ26H614/ref=sr_1_19?crid=35FEBR8R2BS66&dib=eyJ2IjoiMSJ9.LhAv1ca6zmP5LGFtl_xILuiVQIySMSGct_JOlFt9k9_UFjcQQ0i_fmNazxHl2InrSkQRLx-bnwFfAnM5fpGEyHEri5J3g2VTZxxJFkRtCpHerMcBeJ_gm6z-mHX2GvhNX-i5r9eikoWOpTNuPyuODcAGDdgg1NXXULUsvDA4fDHRPVxs0tcKJfX0gr6HVn8AVG_eQodgmRBmwj27oM1M2neEadpjtsXDsyEcbGU-PFo.5PqTv7jmAWrcefu0qc1i7MxoKKpcoJlwR7F6skUsqPI&dib_tag=se&keywords=laptop&qid=1756881998&sprefix=lapt%2Caps%2C333&sr=8-19&xpid=RbFd-a7yjl6Ny
51,"ASUS TUF F16, 14th Gen, Intel Core i7 14650HX, Gaming Laptop(RTX 5060-8GB/115W TGP/16GB/1TB /FHD+/16""/165Hz/90WHrs/Windows 11/M365 Basic (1Year)*/Office Home 2024/Jaeger Gray/2.2 Kg) FX608JMR-RV049WS","₹1,44,990",/ASUS-14650HX-5060-8GB-Windows-FX608JMR-RV049WS/dp/B0F9X5DSBS/ref=sr_1_65?crid=35FEBR8R2BS66&dib=eyJ2IjoiMSJ9.6-ywc2mX-HyIDn163gzc_Lo_gcMr0G8eZtPapBL0rRN5MRFfCisY754WWp7RSCb6FoG8TxuFtn7HRwo-T7BpdnAe-_V1FjXl8t5I1Hjv-9rVdphR5e1Yv8XOwR7nlqK7eM-PF5DhQ61gvoEU273QZYvI7Gax63WJBuw9t6nk_bLLe5TyjZJXBQ1vp1eZ49hivBN6m_u8nW9nvI26pv9Q9IALeBFD6C4mEldxdOULTg0.vgd0WOwRH5gE1FNu3aIzgEgavHQovcDby0u8S11ogi8&dib_tag=se&keywords=laptop&qid=1756882002&sprefix=lapt%2Caps%2C333&sr=8-65&xpid=RbFd-a7yjl6Ny
52,"Lenovo Yoga Slim 7 Aura Edition Intel Core Ultra 7 258V,Copilot+ AI PC(32GB RAM/1TB SSD/14(35.5cm)/WUXGA OLED AI Now/47 Tops/Windows 11/Office Home 2024/1Yr ADP/Grey/1.19Kg), 83JX001MIN AI Laptop","₹1,35,490",/Lenovo-Copilot-35-5cm-Windows-83JX001MIN/dp/B0F5QC5BXH/ref=sr_1_58?crid=35FEBR8R2BS66&dib=eyJ2IjoiMSJ9.6-ywc2mX-HyIDn163gzc_Lo_gcMr0G8eZtPapBL0rRN5MRFfCisY754WWp7RSCb6FoG8TxuFtn7HRwo-T7BpdnAe-_V1FjXl8t5I1Hjv-9rVdphR5e1Yv8XOwR7nlqK7eM-PF5DhQ61gvoEU273QZYvI7Gax63WJBuw9t6nk_bLLe5TyjZJXBQ1vp1eZ49hivBN6m_u8nW9nvI26pv9Q9IALeBFD6C4mEldxdOULTg0.vgd0WOwRH5gE1FNu3aIzgEgavHQovcDby0u8S11ogi8&dib_tag=se&keywords=laptop&qid=1756882002&sprefix=lapt%2Caps%2C333&sr=8-58&xpid=RbFd-a7yjl6Ny
53,"DELL 14 (2022) Intel Core i3 10th Gen 1005U - (4 GB/256GB SSD/Intel UHD Graphics/Windows 9 Home) Thin and Light Business Laptop/14.0"" FHD+ IPS Display/Ice Blue/1.4 kg/MSO 1995","₹31,650",/DELL-14-Intel-Core-1005U/dp/B0FKMQPDPM/ref=sr_1_31?crid=35FEBR8R2BS66&dib=eyJ2IjoiMSJ9.LhAv1ca6zmP5LGFtl_xILuiVQIySMSGct_JOlFt9k9_UFjcQQ0i_fmNazxHl2InrSkQRLx-bnwFfAnM5fpGEyHEri5J3g2VTZxxJFkRtCpHerMcBeJ_gm6z-mHX2GvhNX-i5r9eikoWOpTNuPyuODcAGDdgg1NXXULUsvDA4fDHRPVxs0tcKJfX0gr6HVn8AVG_eQodgmRBmwj27oM1M2neEadpjtsXDsyEcbGU-PFo.5PqTv7jmAWrcefu0qc1i7MxoKKpcoJlwR7F6skUsqPI&dib_tag=se&keywords=laptop&qid=1756881998&sprefix=lapt%2Caps%2C333&sr=8-31&xpid=RbFd-a7yjl6Ny
54,"HP 15, 13th Gen Intel Core i5-1335U Laptop (16GB DDR4,512GB SSD) Anti-Glare, Micro-edge,15.6''/39.6cm, FHD, Win11,M365,Office24, Silver,1.59kg, Iris Xe Graphics, FHD Camera w/privacy shutter, fd0577TU","₹50,265",/HP-i5-1335U-Anti-Glare-Micro-edge-fd0577TU/dp/B0F4R6H3NB/ref=sr_1_38?crid=35FEBR8R2BS66&dib=eyJ2IjoiMSJ9.Tz2wfxdL0EMcY0GgzxMDceM9Arn-TThQm0OXMKVvAHKbt4u99_JHfCBN0tj8PMIIeWs4n7RqezH2j5fYUVbjCT-MDxhAMbKrc6KiG9_vp8YI8SsfFwWkJnQ2HnVMHHz9ZJXb18qxoOxO4a-pe9nu_U6RhE1Xr-N0Ge0w0D2BMnl2e6kQP-BqJJ5iNrdu4sKf0Wjmx8EHaPi2zUgulbgYt0OqZDMxNj4zD1B2ErbBNoQ.J6NSEreu19DRxA6hmLGNrEqevGw-n2oekQoSDi2uwOo&dib_tag=se&keywords=laptop&qid=1756882000&sprefix=lapt%2Caps%2C333&sr=8-38&xpid=RbFd-a7yjl6Ny
55,"Dell Inspiron 3535, AMD Ryzen 5-7530U, 16 GB RAM, 512 GB SSD, FHD IPS 15.6""/39.62 cm, 120Hz, Windows 11, MS Office 2024, Platinum Silver, 1.67 kg, Thin & Light Laptop","₹42,990",/sspa/click?ie=UTF8&spc=MTozMjk3NDY1Mjc5NDgxMjE6MTc1Njg4MTk5NjpzcF9zZWFyY2hfdGhlbWF0aWM6MzAwNTYyODMwNDU0MjMyOjowOjo&url=%2FDell-Inspiron-5-7530U-Windows-Platinum%2Fdp%2FB0DSFRQTGB%2Fref%3Dsxin_14_pa_sp_search_thematic_sspa%3Fcontent-id%3Damzn1.sym.739e670d-dfb3-4be0-9815-d8c5c0372e07%253Aamzn1.sym.739e670d-dfb3-4be0-9815-d8c5c0372e07%26crid%3D35FEBR8R2BS66%26cv_ct_cx%3Dlaptop%26keywords%3Dlaptop%26pd_rd_i%3DB0DSFRQTGB%26pd_rd_r%3De1f08120-c83a-40e7-a572-d05963d4d79b%26pd_rd_w%3DBCg2P%26pd_rd_wg%3DNukY3%26pf_rd_p%3D739e670d-dfb3-4be0-9815-d8c5c0372e07%26pf_rd_r%3D1R6Y4QRBYPADJ32MP609%26qid%3D1756881996%26sbo%3DRZvfv%252F%252FHxDF%252BO5021pAnSA%253D%253D%26sprefix%3Dlapt%252Caps%252C333%26sr%3D1-1-66673dcf-083f-43ba-b782-d4a436cc5cfb-spons%26xpid%3DRbFd-a7yjl6Ny%26sp_csd%3Dd2lkZ2V0TmFtZT1zcF9zZWFyY2hfdGhlbWF0aWM%26psc%3D1&sp_cr=ZAZ
56,"Walker Best Student & Office Work Laptop|Thin & Light|15.6"" 1920 * 1080 Resolution FHD IPS Display |8GB RAM,256 GB SSD|Intel Celeron Processor N4020 | Windows 11 Home |Silver","₹16,990",/Walker-Student-Resolution-Display-Processor/dp/B0FD7FSXTB/ref=sr_1_11?crid=35FEBR8R2BS66&dib=eyJ2IjoiMSJ9.FCuxQIpCeN8C_jYQ8ONa2gAEgFCZsjycQnN_mYthWpg8yvKjb7F2dBSgwLUd_xm2t0C7dDo0EVRrnNUDGlUlqm-TdBJ1o7AzhHowbwia94kpZ1nK6XF4-5Ml9SBM5RkuALUDx5FTz_mBTJO6CW5LRGx3Hx3wPyrRIoGn27VItYS2xrgYSJ6M-XY05AftR7wGX_BrEni6DgoHgSOndUnxhE3MeiuGdgLj3_R91-SADXQ.rXoXbhpSaD-j65jB0gy0OLhmvcJ_6qOogVJtogW5Zp8&dib_tag=se&keywords=laptop&qid=1756881996&sprefix=lapt%2Caps%2C333&sr=8-11&xpid=RbFd-a7yjl6Ny
57,"Dell Inspiron 15-3530 Laptop - 15.6 inch FHD, 13th Gen Intel Core i7-1355U, 16GB DDR4 RAM, 512GB SSD, Backlit Keyboard, Windows 11 Home, Platinum Silver, 1.62 Kg, 1 Year Onsite Hardware Service","₹69,490",/sspa/click?ie=UTF8&spc=MTo1NDE2MjY2NDI4MzgwMjc0OjE3NTY4ODIwMDI6c3BfYXRmX25leHQ6MzAwNDg1MTg3OTMxNjMyOjowOjo&url=%2FDell-Inspiron-15-3530-Laptop-i7-1355U%2Fdp%2FB0DSFP9FCS%2Fref%3Dsr_1_50_sspa%3Fcrid%3D35FEBR8R2BS66%26dib%3DeyJ2IjoiMSJ9.6-ywc2mX-HyIDn163gzc_Lo_gcMr0G8eZtPapBL0rRN5MRFfCisY754WWp7RSCb6FoG8TxuFtn7HRwo-T7BpdnAe-_V1FjXl8t5I1Hjv-9rVdphR5e1Yv8XOwR7nlqK7eM-PF5DhQ61gvoEU273QZYvI7Gax63WJBuw9t6nk_bLLe5TyjZJXBQ1vp1eZ49hivBN6m_u8nW9nvI26pv9Q9IALeBFD6C4mEldxdOULTg0.vgd0WOwRH5gE1FNu3aIzgEgavHQovcDby0u8S11ogi8%26dib_tag%3Dse%26keywords%3Dlaptop%26qid%3D1756882002%26sprefix%3Dlapt%252Caps%252C333%26sr%3D8-50-spons%26xpid%3DRbFd-a7yjl6Ny%26sp_csd%3Dd2lkZ2V0TmFtZT1zcF9hdGZfbmV4dA%26psc%3D1&aref=jhQHOldNRv&sp_cr=ZAZ
58,"Dell G15-5530, Intel Core i5-13450HX, RTX 3050-6GB, 16GB DDR5, 512GB SSD, FHD, 15.6""/39.62cm, 120Hz, Windows 11, MS Office 21, Dark Shadow Grey, 2.65KG, Backlit KB Orange Gaming Laptop","₹77,990",/sspa/click?ie=UTF8&spc=MToyMTcxNDM0NjE4NTI3NTQ6MTc1Njg4MjAwNTpzcF9zZWFyY2hfdGhlbWF0aWM6MzAwNTMzNTE2MTQwOTMyOjo0Ojo&url=%2FDell-G15-5530-Gaming-i5-13450HX-Processor%2Fdp%2FB0CRKX3JRT%2Fref%3Dsxin_23_pa_sp_search_thematic_sspa%3Fcontent-id%3Damzn1.sym.24e1f0fb-6b39-49f5-b34a-4ebef8eaef82%253Aamzn1.sym.24e1f0fb-6b39-49f5-b34a-4ebef8eaef82%26crid%3D35FEBR8R2BS66%26cv_ct_cx%3Dlaptop%26keywords%3Dlaptop%26pd_rd_i%3DB0CRKX3JRT%26pd_rd_r%3Df6935c7e-f40c-4e79-be4b-918de93b0d43%26pd_rd_w%3D8e4sb%26pd_rd_wg%3DdKgkh%26pf_rd_p%3D24e1f0fb-6b39-49f5-b34a-4ebef8eaef82%26pf_rd_r%3DTT2TZCKKGTZS912A78MR%26qid%3D1756882004%26sbo%3DRZvfv%252F%252FHxDF%252BO5021pAnSA%253D%253D%26sprefix%3Dlapt%252Caps%252C333%26sr%3D1-69-2ec22325-1003-449d-8aaf-c0bcc24717ae-spons%26xpid%3DRbFd-a7yjl6Ny%26sp_csd%3Dd2lkZ2V0TmFtZT1zcF9zZWFyY2hfdGhlbWF0aWM%26psc%3D1&sp_cr=ZAZ
59,"Lenovo {SmartChoice)Chromebook Intel Celeron N4500 (4GB RAM/64GB eMMC 5.1/11.6 Inch (29.46cm)/HD Display/2Wx2 Stereo Speakers/HD Camera/Chrome OS/Blue/1.21Kg), 82UY0014HA","₹16,190",/sspa/click?ie=UTF8&spc=MTo1NDE2MjY2NDI4MzgwMjc0OjE3NTY4ODIwMDI6c3BfYnRmOjMwMDYxOTE5MzE0MzUzMjo6MDo6&url=%2FLenovo-SmartChoice-Chromebook-Speakers-82UY0014HA%2Fdp%2FB0F2TMZJ24%2Fref%3Dsr_1_69_sspa%3Fcrid%3D35FEBR8R2BS66%26dib%3DeyJ2IjoiMSJ9.6-ywc2mX-HyIDn163gzc_Lo_gcMr0G8eZtPapBL0rRN5MRFfCisY754WWp7RSCb6FoG8TxuFtn7HRwo-T7BpdnAe-_V1FjXl8t5I1Hjv-9rVdphR5e1Yv8XOwR7nlqK7eM-PF5DhQ61gvoEU273QZYvI7Gax63WJBuw9t6nk_bLLe5TyjZJXBQ1vp1eZ49hivBN6m_u8nW9nvI26pv9Q9IALeBFD6C4mEldxdOULTg0.vgd0WOwRH5gE1FNu3aIzgEgavHQovcDby0u8S11ogi8%26dib_tag%3Dse%26keywords%3Dlaptop%26qid%3D1756882002%26sprefix%3Dlapt%252Caps%252C333%26sr%3D8-69-spons%26xpid%3DRbFd-a7yjl6Ny%26sp_csd%3Dd2lkZ2V0TmFtZT1zcF9idGY%26psc%3D1&aref=3PoSZq0sJR&sp_cr=ZAZ
60,"Dell Inspiron 15-3530 Laptop - 15.6 inch FHD, 13th Gen Intel Core i7-1355U, 16GB DDR4 RAM, 512GB SSD, Backlit Keyboard, Windows 11 Home, Platinum Silver, 1.62 Kg, 1 Year Onsite Hardware Service","₹69,490",/sspa/click?ie=UTF8&spc=MTo0MjA3NzA2NTY3MjU0MDAzOjE3NTY4ODIwMDU6c3BfYXRmX25leHQ6MzAwNDg1MTg3OTMxNjMyOjowOjo&url=%2FDell-Inspiron-15-3530-Laptop-i7-1355U%2Fdp%2FB0DSFP9FCS%2Fref%3Dsr_1_66_sspa%3Fcrid%3D35FEBR8R2BS66%26dib%3DeyJ2IjoiMSJ9.ifqR7Pb_juTd-DikRJuOpsmK2VX06bxGxKO-20fMoa_FAat39pCVa1JeUhEKAgnrlNmmvdWLTHaKCynPaZsipVhPAtUZZrhRGR3Mmey2xvbNWznV6UpH_8QPnGBDpehxGRvKu-48dalFoDt224dNY5jSXaQvB9kpE8ZEqF7wDxNLzS-635mqGIbpHBj8P41-O_P1iYRL5tj0gRv8YrWH0jiixG2KtRUnsv4-b3Dty5w.JlwNgsaSeD8a5yKX8jfvRasJwbHn-EgPFUinWdHeNS8%26dib_tag%3Dse%26keywords%3Dlaptop%26qid%3D1756882004%26sprefix%3Dlapt%252Caps%252C333%26sr%3D8-66-spons%26xpid%3DRbFd-a7yjl6Ny%26sp_csd%3Dd2lkZ2V0TmFtZT1zcF9hdGZfbmV4dA%26psc%3D1&aref=jhQHOldNRv&sp_cr=ZAZ
61,"Acer Aspire Lite, AMD Ryzen 3 7330U Processor, 8 GB RAM, 512 GB SSD, Full HD, 15.6""/39.62cm, Windows 11 Home, Steel Gray, 1.6KG, AL15-41, Metal Body, Premium Thin and Light Laptop","₹27,990",/Acer-Smartchoice-Premium-Windows-AL15-41/dp/B0CWTSF1TK/ref=sr_1_35?crid=35FEBR8R2BS66&dib=eyJ2IjoiMSJ9.Tz2wfxdL0EMcY0GgzxMDceM9Arn-TThQm0OXMKVvAHKbt4u99_JHfCBN0tj8PMIIeWs4n7RqezH2j5fYUVbjCT-MDxhAMbKrc6KiG9_vp8YI8SsfFwWkJnQ2HnVMHHz9ZJXb18qxoOxO4a-pe9nu_U6RhE1Xr-N0Ge0w0D2BMnl2e6kQP-BqJJ5iNrdu4sKf0Wjmx8EHaPi2zUgulbgYt0OqZDMxNj4zD1B2ErbBNoQ.J6NSEreu19DRxA6hmLGNrEqevGw-n2oekQoSDi2uwOo&dib_tag=se&keywords=laptop&qid=1756882000&sprefix=lapt%2Caps%2C333&sr=8-35&xpid=RbFd-a7yjl6Ny
62,"ASUS Vivobook Go 14, AMD Ryzen 5 7520U,Thin & Light Laptop (AMD Radeon iGPU/16GB RAM/512GB SSD/FHD/14/60Hz/42WHrs/Windows 11/M365 Basic (1Year)*/Office Home 2024/Mixed Black/1.38 kg) E1404FA-NK5542WS","₹39,990",/ASUS-Vivobook-Laptop-Windows-E1404FA-NK5542WS/dp/B0DTY1C216/ref=sr_1_34?crid=35FEBR8R2BS66&dib=eyJ2IjoiMSJ9.Tz2wfxdL0EMcY0GgzxMDceM9Arn-TThQm0OXMKVvAHKbt4u99_JHfCBN0tj8PMIIeWs4n7RqezH2j5fYUVbjCT-MDxhAMbKrc6KiG9_vp8YI8SsfFwWkJnQ2HnVMHHz9ZJXb18qxoOxO4a-pe9nu_U6RhE1Xr-N0Ge0w0D2BMnl2e6kQP-BqJJ5iNrdu4sKf0Wjmx8EHaPi2zUgulbgYt0OqZDMxNj4zD1B2ErbBNoQ.J6NSEreu19DRxA6hmLGNrEqevGw-n2oekQoSDi2uwOo&dib_tag=se&keywords=laptop&qid=1756882000&sprefix=lapt%2Caps%2C333&sr=8-34&xpid=RbFd-a7yjl6Ny
63,"Dell Inspiron 3535, AMD Ryzen 5-7530U, 16 GB RAM, 512 GB SSD, FHD IPS 15.6""/39.62 cm, 120Hz, Windows 11, MS Office 2024, Platinum Silver, 1.67 kg, Thin & Light Laptop","₹42,990",/sspa/click?ie=UTF8&spc=MTo0MjA3NzA2NTY3MjU0MDAzOjE3NTY4ODIwMDU6c3BfYXRmX25leHQ6MzAwNTYyODMwNDU0MjMyOjowOjo&url=%2FDell-Inspiron-5-7530U-Windows-Platinum%2Fdp%2FB0DSFRQTGB%2Fref%3Dsr_1_65_sspa%3Fcrid%3D35FEBR8R2BS66%26dib%3DeyJ2IjoiMSJ9.ifqR7Pb_juTd-DikRJuOpsmK2VX06bxGxKO-20fMoa_FAat39pCVa1JeUhEKAgnrlNmmvdWLTHaKCynPaZsipVhPAtUZZrhRGR3Mmey2xvbNWznV6UpH_8QPnGBDpehxGRvKu-48dalFoDt224dNY5jSXaQvB9kpE8ZEqF7wDxNLzS-635mqGIbpHBj8P41-O_P1iYRL5tj0gRv8YrWH0jiixG2KtRUnsv4-b3Dty5w.JlwNgsaSeD8a5yKX8jfvRasJwbHn-EgPFUinWdHeNS8%26dib_tag%3Dse%26keywords%3Dlaptop%26qid%3D1756882004%26sprefix%3Dlapt%252Caps%252C333%26sr%3D8-65-spons%26xpid%3DRbFd-a7yjl6Ny%26sp_csd%3Dd2lkZ2V0TmFtZT1zcF9hdGZfbmV4dA%26psc%3D1&aref=UAY7cJBRiM&sp_cr=ZAZ
64,"Primebook 2 Neo 2025 (New Launch) Gen 2 | 6GB RAM, 128GB UFS 2.2 Storage | MediaTek Helio G99 | Android 15 (PrimeOS 3.0) | in-Built AI | 11.6” Thin & Light | Type-C, USB, MicroSD | Gray","₹15,490",/sspa/click?ie=UTF8&spc=MToyMTcxNDM0NjE4NTI3NTQ6MTc1Njg4MjAwNTpzcF9zZWFyY2hfdGhlbWF0aWM6MzAwNjIxNDYxODkxMTMyOjozOjo&url=%2FPrimebook-Storage-MediaTek-Android-PrimeOS%2Fdp%2FB0FDLB7BQZ%2Fref%3Dsxin_23_pa_sp_search_thematic_sspa%3Fcontent-id%3Damzn1.sym.24e1f0fb-6b39-49f5-b34a-4ebef8eaef82%253Aamzn1.sym.24e1f0fb-6b39-49f5-b34a-4ebef8eaef82%26crid%3D35FEBR8R2BS66%26cv_ct_cx%3Dlaptop%26keywords%3Dlaptop%26pd_rd_i%3DB0FDLB7BQZ%26pd_rd_r%3Df6935c7e-f40c-4e79-be4b-918de93b0d43%26pd_rd_w%3D8e4sb%26pd_rd_wg%3DdKgkh%26pf_rd_p%3D24e1f0fb-6b39-49f5-b34a-4ebef8eaef82%26pf_rd_r%3DTT2TZCKKGTZS912A78MR%26qid%3D1756882004%26sbo%3DRZvfv%252F%252FHxDF%252BO5021pAnSA%253D%253D%26sprefix%3Dlapt%252Caps%252C333%26sr%3D1-68-2ec22325-1003-449d-8aaf-c0bcc24717ae-spons%26xpid%3DRbFd-a7yjl6Ny%26sp_csd%3Dd2lkZ2V0TmFtZT1zcF9zZWFyY2hfdGhlbWF0aWM%26psc%3D1&sp_cr=ZAZ
65,"Dell 15 Thin & Light Laptop, 13th Gen Intel Core i3-1305U Processor, 8GB DDR4, 512GB SSD, 15.6"" (39.62cm) FHD 120Hz 250 nits, Intel UHD Graphics, Windows 11 + MSO'21, 15 Months McAfee, Black, 1.66kg","₹35,990",/sspa/click?ie=UTF8&spc=MTo1NDE2MjY2NDI4MzgwMjc0OjE3NTY4ODIwMDI6c3BfYnRmOjMwMDM3MzIyNzg2ODEzMjo6MDo6&url=%2FDell-i3-1305U-Processor-39-62cm-GraphicsWin%2Fdp%2FB0CNZ8MDLV%2Fref%3Dsr_1_70_sspa%3Fcrid%3D35FEBR8R2BS66%26dib%3DeyJ2IjoiMSJ9.6-ywc2mX-HyIDn163gzc_Lo_gcMr0G8eZtPapBL0rRN5MRFfCisY754WWp7RSCb6FoG8TxuFtn7HRwo-T7BpdnAe-_V1FjXl8t5I1Hjv-9rVdphR5e1Yv8XOwR7nlqK7eM-PF5DhQ61gvoEU273QZYvI7Gax63WJBuw9t6nk_bLLe5TyjZJXBQ1vp1eZ49hivBN6m_u8nW9nvI26pv9Q9IALeBFD6C4mEldxdOULTg0.vgd0WOwRH5gE1FNu3aIzgEgavHQovcDby0u8S11ogi8%26dib_tag%3Dse%26keywords%3Dlaptop%26qid%3D1756882002%26sprefix%3Dlapt%252Caps%252C333%26sr%3D8-70-spons%26xpid%3DRbFd-a7yjl6Ny%26sp_csd%3Dd2lkZ2V0TmFtZT1zcF9idGY%26psc%3D1&aref=AoL1PO2iUI&sp_cr=ZAZ
66,"Acer Aspire Lite, 12th Gen, Intel Core i7-12650H Processor, 16 GB/512GB, Full HD IPS, 15.6""/39.62 cm, Win 11 Home, MS Office, Pure Silver, 1.70 kg, AL15-52H, Backlit Keyboard, Thin and Light Laptop","₹57,990",/Acer-i7-12650H-Processor-AL15-52H-Keyboard/dp/B0FCFZDSGX/ref=sr_1_51?crid=35FEBR8R2BS66&dib=eyJ2IjoiMSJ9.6-ywc2mX-HyIDn163gzc_Lo_gcMr0G8eZtPapBL0rRN5MRFfCisY754WWp7RSCb6FoG8TxuFtn7HRwo-T7BpdnAe-_V1FjXl8t5I1Hjv-9rVdphR5e1Yv8XOwR7nlqK7eM-PF5DhQ61gvoEU273QZYvI7Gax63WJBuw9t6nk_bLLe5TyjZJXBQ1vp1eZ49hivBN6m_u8nW9nvI26pv9Q9IALeBFD6C4mEldxdOULTg0.vgd0WOwRH5gE1FNu3aIzgEgavHQovcDby0u8S11ogi8&dib_tag=se&keywords=laptop&qid=1756882002&sprefix=lapt%2Caps%2C333&sr=8-51&xpid=RbFd-a7yjl6Ny
67,"HP 255 G10, AMD Ryzen 3 7320U Quad Core DOS -(8 GB/512 GB SSD/AMD Radeon Graphics) Thin and Light Business Laptop/15.6"" HD Display/Turbo Silver/1.5 Kg","₹26,495",/HP-Radeon-Graphics-Business-Display/dp/B0F6TJ164J/ref=sr_1_10?crid=35FEBR8R2BS66&dib=eyJ2IjoiMSJ9.FCuxQIpCeN8C_jYQ8ONa2gAEgFCZsjycQnN_mYthWpg8yvKjb7F2dBSgwLUd_xm2t0C7dDo0EVRrnNUDGlUlqm-TdBJ1o7AzhHowbwia94kpZ1nK6XF4-5Ml9SBM5RkuALUDx5FTz_mBTJO6CW5LRGx3Hx3wPyrRIoGn27VItYS2xrgYSJ6M-XY05AftR7wGX_BrEni6DgoHgSOndUnxhE3MeiuGdgLj3_R91-SADXQ.rXoXbhpSaD-j65jB0gy0OLhmvcJ_6qOogVJtogW5Zp8&dib_tag=se&keywords=laptop&qid=1756881996&sprefix=lapt%2Caps%2C333&sr=8-10&xpid=RbFd-a7yjl6Ny
68,"HP 14s-dq3141TU Laptop – Intel Celeron N4500, 8GB RAM, 512GB SSD, 14"" HD Anti-Glare Display, Windows 11, MS Office 2024, 1-Year M365, Intel UHD Graphics, Jet Black, 1.46kg","₹29,800",/HP-14s-dq3141TU-Laptop-Anti-Glare-Graphics/dp/B00O6UQX3I/ref=sr_1_3?crid=35FEBR8R2BS66&dib=eyJ2IjoiMSJ9.FCuxQIpCeN8C_jYQ8ONa2gAEgFCZsjycQnN_mYthWpg8yvKjb7F2dBSgwLUd_xm2t0C7dDo0EVRrnNUDGlUlqm-TdBJ1o7AzhHowbwia94kpZ1nK6XF4-5Ml9SBM5RkuALUDx5FTz_mBTJO6CW5LRGx3Hx3wPyrRIoGn27VItYS2xrgYSJ6M-XY05AftR7wGX_BrEni6DgoHgSOndUnxhE3MeiuGdgLj3_R91-SADXQ.rXoXbhpSaD-j65jB0gy0OLhmvcJ_6qOogVJtogW5Zp8&dib_tag=se&keywords=laptop&qid=1756881996&sprefix=lapt%2Caps%2C333&sr=8-3&xpid=RbFd-a7yjl6Ny
69,"HP Chromebook (2024) MediaTek MT8183 - (4 GB/32 GB EMMC Storage/Chrome OS) 11MK G9 EE Chromebook (11.6 Inch, Black, 1.34 Kg)","₹11,700",/HP-Chromebook-MediaTek-MT8183-Storage/dp/B0DBLRLL9B/ref=sr_1_39?crid=35FEBR8R2BS66&dib=eyJ2IjoiMSJ9.Tz2wfxdL0EMcY0GgzxMDceM9Arn-TThQm0OXMKVvAHKbt4u99_JHfCBN0tj8PMIIeWs4n7RqezH2j5fYUVbjCT-MDxhAMbKrc6KiG9_vp8YI8SsfFwWkJnQ2HnVMHHz9ZJXb18qxoOxO4a-pe9nu_U6RhE1Xr-N0Ge0w0D2BMnl2e6kQP-BqJJ5iNrdu4sKf0Wjmx8EHaPi2zUgulbgYt0OqZDMxNj4zD1B2ErbBNoQ.J6NSEreu19DRxA6hmLGNrEqevGw-n2oekQoSDi2uwOo&dib_tag=se&keywords=laptop&qid=1756882000&sprefix=lapt%2Caps%2C333&sr=8-39&xpid=RbFd-a7yjl6Ny
70,"HP 14, 13th Gen Intel Core i3-1315U Laptop (8GB DDR4,512GB SSD) Anti-Glare, Micro-Edge, 14/35.6cm, FHD, Win11, M365 Basic(1yr),Office Home24, Silver,1.4kg, FHD Camera w/Privacy Shutter, ep0341TU","₹36,990",/HP-i3-1315U-Anti-Glare-Micro-Edge-ep0341TU/dp/B0F9WNRWYS/ref=sr_1_30?crid=35FEBR8R2BS66&dib=eyJ2IjoiMSJ9.LhAv1ca6zmP5LGFtl_xILuiVQIySMSGct_JOlFt9k9_UFjcQQ0i_fmNazxHl2InrSkQRLx-bnwFfAnM5fpGEyHEri5J3g2VTZxxJFkRtCpHerMcBeJ_gm6z-mHX2GvhNX-i5r9eikoWOpTNuPyuODcAGDdgg1NXXULUsvDA4fDHRPVxs0tcKJfX0gr6HVn8AVG_eQodgmRBmwj27oM1M2neEadpjtsXDsyEcbGU-PFo.5PqTv7jmAWrcefu0qc1i7MxoKKpcoJlwR7F6skUsqPI&dib_tag=se&keywords=laptop&qid=1756881998&sprefix=lapt%2Caps%2C333&sr=8-30&xpid=RbFd-a7yjl6Ny
71,"HP OmniBook 5 OLED (Previously Pavilion), Snapdragon X Processor (16GB LPDDR5x, 512GB SSD) 2K, 14''/35.6cm, Win11, M365 Basic(1yr)* Office24, Silver, 1.35kg, he0014QU, Light-Weight, Next-Gen AI Laptop","₹67,990",/sspa/click?ie=UTF8&spc=MTo1NDE2MjY2NDI4MzgwMjc0OjE3NTY4ODIwMDI6c3BfbXRmOjMwMDY0NzIyOTgxOTkzMjo6MDo6&url=%2FHP-Previously-Snapdragon-Processor-Light-Weight%2Fdp%2FB0F8P4Y7VF%2Fref%3Dsr_1_59_sspa%3Fcrid%3D35FEBR8R2BS66%26dib%3DeyJ2IjoiMSJ9.6-ywc2mX-HyIDn163gzc_Lo_gcMr0G8eZtPapBL0rRN5MRFfCisY754WWp7RSCb6FoG8TxuFtn7HRwo-T7BpdnAe-_V1FjXl8t5I1Hjv-9rVdphR5e1Yv8XOwR7nlqK7eM-PF5DhQ61gvoEU273QZYvI7Gax63WJBuw9t6nk_bLLe5TyjZJXBQ1vp1eZ49hivBN6m_u8nW9nvI26pv9Q9IALeBFD6C4mEldxdOULTg0.vgd0WOwRH5gE1FNu3aIzgEgavHQovcDby0u8S11ogi8%26dib_tag%3Dse%26keywords%3Dlaptop%26qid%3D1756882002%26sprefix%3Dlapt%252Caps%252C333%26sr%3D8-59-spons%26xpid%3DRbFd-a7yjl6Ny%26sp_csd%3Dd2lkZ2V0TmFtZT1zcF9tdGY%26psc%3D1&aref=XCvFJyYctD&sp_cr=ZAZ
72,"Lenovo IdeaPad Slim 3 12th Gen Intel® Core™ i5-12450H 15.6 inch (39.6cm) FHD Laptop (16GB/512GB SSD/Windows 11/Office 2024/Alexa Built-in/1Yr ADP Free/3 Month Game Pass/Arctic Grey/1.62Kg), 83ER00KPIN","₹48,750",/Lenovo-IdeaPad-i5-12450H-Windows-83ER00KPIN/dp/B0DR96PF63/ref=sr_1_66?crid=35FEBR8R2BS66&dib=eyJ2IjoiMSJ9.6-ywc2mX-HyIDn163gzc_Lo_gcMr0G8eZtPapBL0rRN5MRFfCisY754WWp7RSCb6FoG8TxuFtn7HRwo-T7BpdnAe-_V1FjXl8t5I1Hjv-9rVdphR5e1Yv8XOwR7nlqK7eM-PF5DhQ61gvoEU273QZYvI7Gax63WJBuw9t6nk_bLLe5TyjZJXBQ1vp1eZ49hivBN6m_u8nW9nvI26pv9Q9IALeBFD6C4mEldxdOULTg0.vgd0WOwRH5gE1FNu3aIzgEgavHQovcDby0u8S11ogi8&dib_tag=se&keywords=laptop&qid=1756882002&sprefix=lapt%2Caps%2C333&sr=8-66&xpid=RbFd-a7yjl6Ny
73,"Acer [SmartChoice Aspire 3 Laptop Intel Core Celeron N4500 Processor Laptop (8 GB LPDDR4X SDRAM/512 GB SSD/Win11 Home/38 WHR/HD Webcam) A325-45 with 39.63 cm (15.6"") HD Display, Pure Silver, 1.5 KG","₹23,990",/Acer-Celeron-Processor-LPDDR4X-A325-45/dp/B0D7PYTTGH/ref=sr_1_18?crid=35FEBR8R2BS66&dib=eyJ2IjoiMSJ9.LhAv1ca6zmP5LGFtl_xILuiVQIySMSGct_JOlFt9k9_UFjcQQ0i_fmNazxHl2InrSkQRLx-bnwFfAnM5fpGEyHEri5J3g2VTZxxJFkRtCpHerMcBeJ_gm6z-mHX2GvhNX-i5r9eikoWOpTNuPyuODcAGDdgg1NXXULUsvDA4fDHRPVxs0tcKJfX0gr6HVn8AVG_eQodgmRBmwj27oM1M2neEadpjtsXDsyEcbGU-PFo.5PqTv7jmAWrcefu0qc1i7MxoKKpcoJlwR7F6skUsqPI&dib_tag=se&keywords=laptop&qid=1756881998&sprefix=lapt%2Caps%2C333&sr=8-18&xpid=RbFd-a7yjl6Ny
74,"HP 15 (2025), Celeron 8 GB 256 GB SSD 11 Thin and Light","₹22,590",/HP-15-Celeron-Thin-Light/dp/B0F8WTY1HN/ref=sr_1_55?crid=35FEBR8R2BS66&dib=eyJ2IjoiMSJ9.6-ywc2mX-HyIDn163gzc_Lo_gcMr0G8eZtPapBL0rRN5MRFfCisY754WWp7RSCb6FoG8TxuFtn7HRwo-T7BpdnAe-_V1FjXl8t5I1Hjv-9rVdphR5e1Yv8XOwR7nlqK7eM-PF5DhQ61gvoEU273QZYvI7Gax63WJBuw9t6nk_bLLe5TyjZJXBQ1vp1eZ49hivBN6m_u8nW9nvI26pv9Q9IALeBFD6C4mEldxdOULTg0.vgd0WOwRH5gE1FNu3aIzgEgavHQovcDby0u8S11ogi8&dib_tag=se&keywords=laptop&qid=1756882002&sprefix=lapt%2Caps%2C333&sr=8-55&xpid=RbFd-a7yjl6Ny
75,"Dell 15 Thin & Light Laptop, 13th Generation Intel Core i3-1305U Processor, 8GB DDR4 + 512GB SSD, 15.6"" (39.62cm) FHD 120Hz 250 nits Display, Windows 11 + MSO'21, 12 Month McAfee, Grey, 1.69kg","₹36,790",/sspa/click?ie=UTF8&spc=MTo0MjA3NzA2NTY3MjU0MDAzOjE3NTY4ODIwMDU6c3BfYnRmOjMwMDE2NzM5MTEyMjQzMjo6MDo6&url=%2FDell-Inspiron-3530-i3-1305U-Comfortview%2Fdp%2FB0C4ZM63RP%2Fref%3Dsr_1_86_sspa%3Fcrid%3D35FEBR8R2BS66%26dib%3DeyJ2IjoiMSJ9.ifqR7Pb_juTd-DikRJuOpsmK2VX06bxGxKO-20fMoa_FAat39pCVa1JeUhEKAgnrlNmmvdWLTHaKCynPaZsipVhPAtUZZrhRGR3Mmey2xvbNWznV6UpH_8QPnGBDpehxGRvKu-48dalFoDt224dNY5jSXaQvB9kpE8ZEqF7wDxNLzS-635mqGIbpHBj8P41-O_P1iYRL5tj0gRv8YrWH0jiixG2KtRUnsv4-b3Dty5w.JlwNgsaSeD8a5yKX8jfvRasJwbHn-EgPFUinWdHeNS8%26dib_tag%3Dse%26keywords%3Dlaptop%26qid%3D1756882004%26sprefix%3Dlapt%252Caps%252C333%26sr%3D8-86-spons%26xpid%3DRbFd-a7yjl6Ny%26sp_csd%3Dd2lkZ2V0TmFtZT1zcF9idGY%26psc%3D1&aref=4uL6MVENFw&sp_cr=ZAZ
76,"Lenovo V15 AMD Ryzen 7 7730U 15.6"" (39.62cm) FHD 250 Nits Antiglare Thin and Light Laptop (Free MS Office) Lifetime (16GB/512GB SSD/Windows 11/Iron Grey/1.65 Kg) 1 Year Brand Warranty, 83CRA01SIN","₹44,999",/Lenovo-V15-Antiglare-Lifetime-83CRA01SIN/dp/B0DDY1HWZL/ref=sr_1_14?crid=35FEBR8R2BS66&dib=eyJ2IjoiMSJ9.FCuxQIpCeN8C_jYQ8ONa2gAEgFCZsjycQnN_mYthWpg8yvKjb7F2dBSgwLUd_xm2t0C7dDo0EVRrnNUDGlUlqm-TdBJ1o7AzhHowbwia94kpZ1nK6XF4-5Ml9SBM5RkuALUDx5FTz_mBTJO6CW5LRGx3Hx3wPyrRIoGn27VItYS2xrgYSJ6M-XY05AftR7wGX_BrEni6DgoHgSOndUnxhE3MeiuGdgLj3_R91-SADXQ.rXoXbhpSaD-j65jB0gy0OLhmvcJ_6qOogVJtogW5Zp8&dib_tag=se&keywords=laptop&qid=1756881996&sprefix=lapt%2Caps%2C333&sr=8-14&xpid=RbFd-a7yjl6Ny
77,"Lenovo ThinkBook 16 AMD Ryzen 5 7535HS (16GB RAM/512GB SSD/Win 11 Home/Office 2024/Backlit Keyboard/Fingerprint) 16"" WUXGA IPS 300 Nits Thin & Light Laptop/1Y Warranty/Aluminium Top/1.7kg, 21MWA0BSIN","₹47,400",/Lenovo-ThinkBook-Fingerprint-Aluminium-21MWA0BSIN/dp/B0DZJ262NX/ref=sr_1_40?crid=35FEBR8R2BS66&dib=eyJ2IjoiMSJ9.Tz2wfxdL0EMcY0GgzxMDceM9Arn-TThQm0OXMKVvAHKbt4u99_JHfCBN0tj8PMIIeWs4n7RqezH2j5fYUVbjCT-MDxhAMbKrc6KiG9_vp8YI8SsfFwWkJnQ2HnVMHHz9ZJXb18qxoOxO4a-pe9nu_U6RhE1Xr-N0Ge0w0D2BMnl2e6kQP-BqJJ5iNrdu4sKf0Wjmx8EHaPi2zUgulbgYt0OqZDMxNj4zD1B2ErbBNoQ.J6NSEreu19DRxA6hmLGNrEqevGw-n2oekQoSDi2uwOo&dib_tag=se&keywords=laptop&qid=1756882000&sprefix=lapt%2Caps%2C333&sr=8-40&xpid=RbFd-a7yjl6Ny
78,"Lenovo {SmartChoice)Chromebook Intel Celeron N4500 (4GB RAM/64GB eMMC 5.1/11.6 Inch (29.46cm)/HD Display/2Wx2 Stereo Speakers/HD Camera/Chrome OS/Blue/1.21Kg), 82UY0014HA","₹16,190",/sspa/click?ie=UTF8&spc=MTozMjk3NDY1Mjc5NDgxMjE6MTc1Njg4MTk5NjpzcF9zZWFyY2hfdGhlbWF0aWM6MzAwNjE5MTkzMTQzNTMyOjoyOjo&url=%2FLenovo-SmartChoice-Chromebook-Speakers-82UY0014HA%2Fdp%2FB0F2TMZJ24%2Fref%3Dsxin_14_pa_sp_search_thematic_sspa%3Fcontent-id%3Damzn1.sym.739e670d-dfb3-4be0-9815-d8c5c0372e07%253Aamzn1.sym.739e670d-dfb3-4be0-9815-d8c5c0372e07%26crid%3D35FEBR8R2BS66%26cv_ct_cx%3Dlaptop%26keywords%3Dlaptop%26pd_rd_i%3DB0F2TMZJ24%26pd_rd_r%3De1f08120-c83a-40e7-a572-d05963d4d79b%26pd_rd_w%3DBCg2P%26pd_rd_wg%3DNukY3%26pf_rd_p%3D739e670d-dfb3-4be0-9815-d8c5c0372e07%26pf_rd_r%3D1R6Y4QRBYPADJ32MP609%26qid%3D1756881996%26sbo%3DRZvfv%252F%252FHxDF%252BO5021pAnSA%253D%253D%26sprefix%3Dlapt%252Caps%252C333%26sr%3D1-3-66673dcf-083f-43ba-b782-d4a436cc5cfb-spons%26xpid%3DRbFd-a7yjl6Ny%26sp_csd%3Dd2lkZ2V0TmFtZT1zcF9zZWFyY2hfdGhlbWF0aWM%26psc%3D1&sp_cr=ZAZ
79,"Acer Aspire 3 (2025) Intel Core i3 13th Gen 1305U - (16 GB/512 GB SSD/Intel UHD Graphics/Windows 11 Home) Thin and Light Laptop/15.6"" FHD IPS Display/Metal Body/Silver/1.5 Kg/MSO 2021/3 Years Warranty","₹32,980",/Acer-Aspire-Intel-Core-1305U/dp/B0FLJ7DRF9/ref=sr_1_9?crid=35FEBR8R2BS66&dib=eyJ2IjoiMSJ9.FCuxQIpCeN8C_jYQ8ONa2gAEgFCZsjycQnN_mYthWpg8yvKjb7F2dBSgwLUd_xm2t0C7dDo0EVRrnNUDGlUlqm-TdBJ1o7AzhHowbwia94kpZ1nK6XF4-5Ml9SBM5RkuALUDx5FTz_mBTJO6CW5LRGx3Hx3wPyrRIoGn27VItYS2xrgYSJ6M-XY05AftR7wGX_BrEni6DgoHgSOndUnxhE3MeiuGdgLj3_R91-SADXQ.rXoXbhpSaD-j65jB0gy0OLhmvcJ_6qOogVJtogW5Zp8&dib_tag=se&keywords=laptop&qid=1756881996&sprefix=lapt%2Caps%2C333&sr=8-9&xpid=RbFd-a7yjl6Ny
80,Microsoft New Surface Laptop (7th Edition) - Windows 11 Home Copilot + PC - 13.8” LCD PixelSense Touchscreen - Qualcomm Snapdragon X Elite (12 Core) - 16GB RAM - 512GB SSD - Graphite - ZGP-00059,"₹1,50,990",/Microsoft-New-Surface-Laptop-7th/dp/B0D926W4YN/ref=sr_1_48?crid=35FEBR8R2BS66&dib=eyJ2IjoiMSJ9.Tz2wfxdL0EMcY0GgzxMDceM9Arn-TThQm0OXMKVvAHKbt4u99_JHfCBN0tj8PMIIeWs4n7RqezH2j5fYUVbjCT-MDxhAMbKrc6KiG9_vp8YI8SsfFwWkJnQ2HnVMHHz9ZJXb18qxoOxO4a-pe9nu_U6RhE1Xr-N0Ge0w0D2BMnl2e6kQP-BqJJ5iNrdu4sKf0Wjmx8EHaPi2zUgulbgYt0OqZDMxNj4zD1B2ErbBNoQ.J6NSEreu19DRxA6hmLGNrEqevGw-n2oekQoSDi2uwOo&dib_tag=se&keywords=laptop&qid=1756882000&sprefix=lapt%2Caps%2C333&sr=8-48&xpid=RbFd-a7yjl6Ny
81,"Acer Aspire Lite, AMD Ryzen 3 5300U Processor, 16 GB RAM, 512GB SSD, Full HD, 15.6""/39.62cm, Windows 11 Home, Steel Gray, 1.59KG, AL15-41, Metal Body, Premium Thin and Light Laptop","₹29,990",/Acer-Premium-Windows-AL15-41-Display/dp/B0CWTYGPH8/ref=sr_1_25?crid=35FEBR8R2BS66&dib=eyJ2IjoiMSJ9.LhAv1ca6zmP5LGFtl_xILuiVQIySMSGct_JOlFt9k9_UFjcQQ0i_fmNazxHl2InrSkQRLx-bnwFfAnM5fpGEyHEri5J3g2VTZxxJFkRtCpHerMcBeJ_gm6z-mHX2GvhNX-i5r9eikoWOpTNuPyuODcAGDdgg1NXXULUsvDA4fDHRPVxs0tcKJfX0gr6HVn8AVG_eQodgmRBmwj27oM1M2neEadpjtsXDsyEcbGU-PFo.5PqTv7jmAWrcefu0qc1i7MxoKKpcoJlwR7F6skUsqPI&dib_tag=se&keywords=laptop&qid=1756881998&sprefix=lapt%2Caps%2C333&sr=8-25&xpid=RbFd-a7yjl6Ny
82,"HP 15, 13th Gen Intel Core i5-1335U Laptop (16GB DDR4,512GB SSD) Anti-Glare, Micro-edge,15.6''/39.6cm, FHD, Win11,M365,Office24, Silver,1.59kg, Iris Xe Graphics, FHD Camera w/privacy shutter, fd0577TU","₹50,265",/sspa/click?ie=UTF8&spc=MTo0MjA3NzA2NTY3MjU0MDAzOjE3NTY4ODIwMDU6c3BfbXRmOjMwMDY3MjU4NTE2MzEzMjo6MDo6&url=%2FHP-i5-1335U-Anti-Glare-Micro-edge-fd0577TU%2Fdp%2FB0F4R6H3NB%2Fref%3Dsr_1_76_sspa%3Fcrid%3D35FEBR8R2BS66%26dib%3DeyJ2IjoiMSJ9.ifqR7Pb_juTd-DikRJuOpsmK2VX06bxGxKO-20fMoa_FAat39pCVa1JeUhEKAgnrlNmmvdWLTHaKCynPaZsipVhPAtUZZrhRGR3Mmey2xvbNWznV6UpH_8QPnGBDpehxGRvKu-48dalFoDt224dNY5jSXaQvB9kpE8ZEqF7wDxNLzS-635mqGIbpHBj8P41-O_P1iYRL5tj0gRv8YrWH0jiixG2KtRUnsv4-b3Dty5w.JlwNgsaSeD8a5yKX8jfvRasJwbHn-EgPFUinWdHeNS8%26dib_tag%3Dse%26keywords%3Dlaptop%26qid%3D1756882004%26sprefix%3Dlapt%252Caps%252C333%26sr%3D8-76-spons%26xpid%3DRbFd-a7yjl6Ny%26sp_csd%3Dd2lkZ2V0TmFtZT1zcF9tdGY%26psc%3D1&aref=Qt3vrYVGL8&sp_cr=ZAZ
83,"Dell Inspiron 3530, Intel Core i5-1334U, 13th Gen, 16GB RAM, 1TB SSD, FHD, 15.6""/39.62cm, Windows 11, MS Office 24, Silver, 1.62KG, Backlit Keyboard, McAfee 15 Month, Thin & Light Laptop","₹59,990",/Dell-Inspiron-3530-i5-1334U-Keyboard/dp/B0DSFQZTVW/ref=sr_1_72?crid=35FEBR8R2BS66&dib=eyJ2IjoiMSJ9.ifqR7Pb_juTd-DikRJuOpsmK2VX06bxGxKO-20fMoa_FAat39pCVa1JeUhEKAgnrlNmmvdWLTHaKCynPaZsipVhPAtUZZrhRGR3Mmey2xvbNWznV6UpH_8QPnGBDpehxGRvKu-48dalFoDt224dNY5jSXaQvB9kpE8ZEqF7wDxNLzS-635mqGIbpHBj8P41-O_P1iYRL5tj0gRv8YrWH0jiixG2KtRUnsv4-b3Dty5w.JlwNgsaSeD8a5yKX8jfvRasJwbHn-EgPFUinWdHeNS8&dib_tag=se&keywords=laptop&qid=1756882004&sprefix=lapt%2Caps%2C333&sr=8-72&xpid=RbFd-a7yjl6Ny
84,"Lenovo LOQ 2024 Intel Core i5-12450HX 15.6"" (39.6cm) 144Hz 300Nits FHD IPS Gaming Laptop (24GB/512GB SSD/Win 11/NVIDIA RTX 3050 6GB Graphics/1Yr ADP Free/MSO 21/3 Mon Game Pass/Grey/2.4Kg), 83GS0098IN","₹69,900",/sspa/click?ie=UTF8&spc=MToyNjI5NjQ2MDY3OTYzMDAxOjE3NTY4ODIwMDI6c3Bfc2VhcmNoX3RoZW1hdGljOjMwMDQ1NjEyMTE0NTkzMjo6Mjo6&url=%2FLenovo-i5-12450HX-300Nits-Graphics-83GS0098IN%2Fdp%2FB0DB218DK7%2Fref%3Dsxin_23_pa_sp_search_thematic_sspa%3Fcontent-id%3Damzn1.sym.24e1f0fb-6b39-49f5-b34a-4ebef8eaef82%253Aamzn1.sym.24e1f0fb-6b39-49f5-b34a-4ebef8eaef82%26crid%3D35FEBR8R2BS66%26cv_ct_cx%3Dlaptop%26keywords%3Dlaptop%26pd_rd_i%3DB0DB218DK7%26pd_rd_r%3D21b32708-1bea-4188-9315-655a5828ae11%26pd_rd_w%3D8uu6c%26pd_rd_wg%3DXZjkm%26pf_rd_p%3D24e1f0fb-6b39-49f5-b34a-4ebef8eaef82%26pf_rd_r%3D3B98RGGJ6TZB2VT93FFP%26qid%3D1756882002%26sbo%3DRZvfv%252F%252FHxDF%252BO5021pAnSA%253D%253D%26sprefix%3Dlapt%252Caps%252C333%26sr%3D1-51-2ec22325-1003-449d-8aaf-c0bcc24717ae-spons%26xpid%3DRbFd-a7yjl6Ny%26sp_csd%3Dd2lkZ2V0TmFtZT1zcF9zZWFyY2hfdGhlbWF0aWM%26psc%3D1&sp_cr=ZAZ
85,"Lenovo Tab Plus with Octa JBL Hi-Fi Speakers| 8 GB RAM, 128 GB ROM| 11.5 Inch, 2K, 90 Hz Refresh| Wi-Fi Tablet| Android 14| 45 W Fast Charger| Built-in Kickstand| Color: Luna Grey","₹18,999",/Lenovo-Speakers-Refresh-Android-Kickstand/dp/B0D6G4CVZ7/ref=sr_1_44?crid=35FEBR8R2BS66&dib=eyJ2IjoiMSJ9.Tz2wfxdL0EMcY0GgzxMDceM9Arn-TThQm0OXMKVvAHKbt4u99_JHfCBN0tj8PMIIeWs4n7RqezH2j5fYUVbjCT-MDxhAMbKrc6KiG9_vp8YI8SsfFwWkJnQ2HnVMHHz9ZJXb18qxoOxO4a-pe9nu_U6RhE1Xr-N0Ge0w0D2BMnl2e6kQP-BqJJ5iNrdu4sKf0Wjmx8EHaPi2zUgulbgYt0OqZDMxNj4zD1B2ErbBNoQ.J6NSEreu19DRxA6hmLGNrEqevGw-n2oekQoSDi2uwOo&dib_tag=se&keywords=laptop&qid=1756882000&sprefix=lapt%2Caps%2C333&sr=8-44&xpid=RbFd-a7yjl6Ny
86,"HP 15 (2025), AMD Ryzen 3 7320U Quad Core - (16 GB/512 GB SSD/AMD Radeon Graphics) Thin and Light Business Laptop/15.6"" FHD Display/Turbo Silver/1.5 kg","₹28,490",/HP-15-Ryzen-7320U-Quad/dp/B0F2Y78CGC/ref=sr_1_5?crid=35FEBR8R2BS66&dib=eyJ2IjoiMSJ9.FCuxQIpCeN8C_jYQ8ONa2gAEgFCZsjycQnN_mYthWpg8yvKjb7F2dBSgwLUd_xm2t0C7dDo0EVRrnNUDGlUlqm-TdBJ1o7AzhHowbwia94kpZ1nK6XF4-5Ml9SBM5RkuALUDx5FTz_mBTJO6CW5LRGx3Hx3wPyrRIoGn27VItYS2xrgYSJ6M-XY05AftR7wGX_BrEni6DgoHgSOndUnxhE3MeiuGdgLj3_R91-SADXQ.rXoXbhpSaD-j65jB0gy0OLhmvcJ_6qOogVJtogW5Zp8&dib_tag=se&keywords=laptop&qid=1756881996&sprefix=lapt%2Caps%2C333&sr=8-5&xpid=RbFd-a7yjl6Ny
87,"Lenovo {SmartChoice)Chromebook Intel Celeron N4500 (4GB RAM/64GB eMMC 5.1/11.6 Inch (29.46cm)/HD Display/2Wx2 Stereo Speakers/HD Camera/Chrome OS/Blue/1.21Kg), 82UY0014HA","₹16,190",/Lenovo-SmartChoice-Chromebook-Speakers-82UY0014HA/dp/B0F2TMZJ24/ref=sr_1_21?crid=35FEBR8R2BS66&dib=eyJ2IjoiMSJ9.LhAv1ca6zmP5LGFtl_xILuiVQIySMSGct_JOlFt9k9_UFjcQQ0i_fmNazxHl2InrSkQRLx-bnwFfAnM5fpGEyHEri5J3g2VTZxxJFkRtCpHerMcBeJ_gm6z-mHX2GvhNX-i5r9eikoWOpTNuPyuODcAGDdgg1NXXULUsvDA4fDHRPVxs0tcKJfX0gr6HVn8AVG_eQodgmRBmwj27oM1M2neEadpjtsXDsyEcbGU-PFo.5PqTv7jmAWrcefu0qc1i7MxoKKpcoJlwR7F6skUsqPI&dib_tag=se&keywords=laptop&qid=1756881998&sprefix=lapt%2Caps%2C333&sr=8-21&xpid=RbFd-a7yjl6Ny
88,"ASUS Vivobook 14, Intel Core i5-1335U,Thin & Light Laptop(Intel UHD iGPU/8GB RAM/512GB SSD/FHD/14/Backlit Keyboard/Windows 11/M365 Basic (1Year)*/Office Home 2024/Quiet Blue/1.4 Kg) X1404VA-NK762WS","₹47,990",/ASUS-Vivobook-i5-1335U-Keyboard-X1404VA-NK762WS/dp/B0FB98L8NX/ref=sr_1_63?crid=35FEBR8R2BS66&dib=eyJ2IjoiMSJ9.6-ywc2mX-HyIDn163gzc_Lo_gcMr0G8eZtPapBL0rRN5MRFfCisY754WWp7RSCb6FoG8TxuFtn7HRwo-T7BpdnAe-_V1FjXl8t5I1Hjv-9rVdphR5e1Yv8XOwR7nlqK7eM-PF5DhQ61gvoEU273QZYvI7Gax63WJBuw9t6nk_bLLe5TyjZJXBQ1vp1eZ49hivBN6m_u8nW9nvI26pv9Q9IALeBFD6C4mEldxdOULTg0.vgd0WOwRH5gE1FNu3aIzgEgavHQovcDby0u8S11ogi8&dib_tag=se&keywords=laptop&qid=1756882002&sprefix=lapt%2Caps%2C333&sr=8-63&xpid=RbFd-a7yjl6Ny
89,"HP 15, 13th Gen Intel Core i5-1335U (16GB DDR4, 512GB SSD) Anti-Glare, Micro-Edge, 15.6''/39.6cm, FHD, Win 11, Office 24, Silver, 1.59kg, fd0467tu, Iris Xe Graphics, FHD Camera, Backlit KB Laptop","₹55,990",/sspa/click?ie=UTF8&spc=MTo1NDE2MjY2NDI4MzgwMjc0OjE3NTY4ODIwMDI6c3BfbXRmOjMwMDY3MjU4NTE2MzQzMjo6MDo6&url=%2FHP-i5-1334U-Microsoft-Graphics-fd0467tu%2Fdp%2FB0DTK9DZB4%2Fref%3Dsr_1_60_sspa%3Fcrid%3D35FEBR8R2BS66%26dib%3DeyJ2IjoiMSJ9.6-ywc2mX-HyIDn163gzc_Lo_gcMr0G8eZtPapBL0rRN5MRFfCisY754WWp7RSCb6FoG8TxuFtn7HRwo-T7BpdnAe-_V1FjXl8t5I1Hjv-9rVdphR5e1Yv8XOwR7nlqK7eM-PF5DhQ61gvoEU273QZYvI7Gax63WJBuw9t6nk_bLLe5TyjZJXBQ1vp1eZ49hivBN6m_u8nW9nvI26pv9Q9IALeBFD6C4mEldxdOULTg0.vgd0WOwRH5gE1FNu3aIzgEgavHQovcDby0u8S11ogi8%26dib_tag%3Dse%26keywords%3Dlaptop%26qid%3D1756882002%26sprefix%3Dlapt%252Caps%252C333%26sr%3D8-60-spons%26xpid%3DRbFd-a7yjl6Ny%26sp_csd%3Dd2lkZ2V0TmFtZT1zcF9tdGY%26psc%3D1&aref=mwmKU0ULtO&sp_cr=ZAZ
90,"Acer[SmartChoice Aspire Lite 12thGen Intel Core i5-12450H Premium Laptop(Win11Home/16GB RAM/512GB SSD/IntelUHD Graphics/MSO)AL15-52H, 39.62cm(15.6"") FHD IPS Display,Backlit Keyboard,Pure Silver, 1.7KG","₹48,990",/Acer-i5-12450H-Windows11Home-AL15-52H-Keyboard/dp/B0DDL495SX/ref=sr_1_29?crid=35FEBR8R2BS66&dib=eyJ2IjoiMSJ9.LhAv1ca6zmP5LGFtl_xILuiVQIySMSGct_JOlFt9k9_UFjcQQ0i_fmNazxHl2InrSkQRLx-bnwFfAnM5fpGEyHEri5J3g2VTZxxJFkRtCpHerMcBeJ_gm6z-mHX2GvhNX-i5r9eikoWOpTNuPyuODcAGDdgg1NXXULUsvDA4fDHRPVxs0tcKJfX0gr6HVn8AVG_eQodgmRBmwj27oM1M2neEadpjtsXDsyEcbGU-PFo.5PqTv7jmAWrcefu0qc1i7MxoKKpcoJlwR7F6skUsqPI&dib_tag=se&keywords=laptop&qid=1756881998&sprefix=lapt%2Caps%2C333&sr=8-29&xpid=RbFd-a7yjl6Ny
91,"DELL 15 (2025) Intel Core i3 12th Gen 1215U - (16 GB/512 GB SSD/UHD Graphics/Windows 11 Home) Thin and Light Business Laptop/15.6"" HD Display/Smoky Black/1.8 kg/MS Office 2021/3 Years Warranty","₹36,490",/DELL-15-Intel-Core-1215U/dp/B0BXH7V9GM/ref=sr_1_28?crid=35FEBR8R2BS66&dib=eyJ2IjoiMSJ9.LhAv1ca6zmP5LGFtl_xILuiVQIySMSGct_JOlFt9k9_UFjcQQ0i_fmNazxHl2InrSkQRLx-bnwFfAnM5fpGEyHEri5J3g2VTZxxJFkRtCpHerMcBeJ_gm6z-mHX2GvhNX-i5r9eikoWOpTNuPyuODcAGDdgg1NXXULUsvDA4fDHRPVxs0tcKJfX0gr6HVn8AVG_eQodgmRBmwj27oM1M2neEadpjtsXDsyEcbGU-PFo.5PqTv7jmAWrcefu0qc1i7MxoKKpcoJlwR7F6skUsqPI&dib_tag=se&keywords=laptop&qid=1756881998&sprefix=lapt%2Caps%2C333&sr=8-28&xpid=RbFd-a7yjl6Ny
92,"HP Pavilion Aero, AMD Ryzen 7-8840U AI Laptop, 16 Tops (16GB RAM, 512GB SSD), WUXGA 13.3""/33.8cm, Win 11, Office 2021, Silver, 1Kg, AMD Radeon Graphics, Ultra-Light, 5MP Camera, bg0017AU","₹76,990",/HP-Pavilion-Lightest-13-3-inch-Graphics/dp/B0D2HNMB22/ref=sr_1_61?crid=35FEBR8R2BS66&dib=eyJ2IjoiMSJ9.6-ywc2mX-HyIDn163gzc_Lo_gcMr0G8eZtPapBL0rRN5MRFfCisY754WWp7RSCb6FoG8TxuFtn7HRwo-T7BpdnAe-_V1FjXl8t5I1Hjv-9rVdphR5e1Yv8XOwR7nlqK7eM-PF5DhQ61gvoEU273QZYvI7Gax63WJBuw9t6nk_bLLe5TyjZJXBQ1vp1eZ49hivBN6m_u8nW9nvI26pv9Q9IALeBFD6C4mEldxdOULTg0.vgd0WOwRH5gE1FNu3aIzgEgavHQovcDby0u8S11ogi8&dib_tag=se&keywords=laptop&qid=1756882002&sprefix=lapt%2Caps%2C333&sr=8-61&xpid=RbFd-a7yjl6Ny
93,"ASUS Vivobook Go 15, AMD Ryzen 3 7320U Thin & Light Laptop(AMD Radeon iGPU/8GB RAM/512GB SSD/FHD/15.6""/60Hz/Windows 11/M365 Basic (1Year)*/Office Home 2024/Mixed Black/1.63 Kg) E1504FA-NJ130WS","₹29,990",/ASUS-Vivobook-Laptop-Windows-E1504FA-NJ130WS/dp/B0FB981B85/ref=sr_1_64?crid=35FEBR8R2BS66&dib=eyJ2IjoiMSJ9.6-ywc2mX-HyIDn163gzc_Lo_gcMr0G8eZtPapBL0rRN5MRFfCisY754WWp7RSCb6FoG8TxuFtn7HRwo-T7BpdnAe-_V1FjXl8t5I1Hjv-9rVdphR5e1Yv8XOwR7nlqK7eM-PF5DhQ61gvoEU273QZYvI7Gax63WJBuw9t6nk_bLLe5TyjZJXBQ1vp1eZ49hivBN6m_u8nW9nvI26pv9Q9IALeBFD6C4mEldxdOULTg0.vgd0WOwRH5gE1FNu3aIzgEgavHQovcDby0u8S11ogi8&dib_tag=se&keywords=laptop&qid=1756882002&sprefix=lapt%2Caps%2C333&sr=8-64&xpid=RbFd-a7yjl6Ny
94,"HP 15 (Fingerprint, Metal ID,Backlit KB Laptop) Intel 13th Gen Core i5-1334U (16GB DDR4 Ram,512GB SSD) 15.6''/39.6cm,FHD,Win11, M365 Basic(1yr),Office Home24,Silver,1.59kg,Iris Xe,FHD Camera hr0008TU","₹60,000",/HP-i5-1334U-Anti-Glare-15-6-inch-Laptop/dp/B0CTKHG3F6/ref=sr_1_20?crid=35FEBR8R2BS66&dib=eyJ2IjoiMSJ9.LhAv1ca6zmP5LGFtl_xILuiVQIySMSGct_JOlFt9k9_UFjcQQ0i_fmNazxHl2InrSkQRLx-bnwFfAnM5fpGEyHEri5J3g2VTZxxJFkRtCpHerMcBeJ_gm6z-mHX2GvhNX-i5r9eikoWOpTNuPyuODcAGDdgg1NXXULUsvDA4fDHRPVxs0tcKJfX0gr6HVn8AVG_eQodgmRBmwj27oM1M2neEadpjtsXDsyEcbGU-PFo.5PqTv7jmAWrcefu0qc1i7MxoKKpcoJlwR7F6skUsqPI&dib_tag=se&keywords=laptop&qid=1756881998&sprefix=lapt%2Caps%2C333&sr=8-20&xpid=RbFd-a7yjl6Ny
95,"VEBETO Educational Laptop for Kids (1 Year Warranty) w/ Mouse Games 20 Fun Computer Activity Learning Toy for 2 3 4 5 Years Boys Girls Learn Letters Words Mathematics Music Logic Memory Tool, Blue",₹895,/VEBETO-Educational-Computer-Extended-Mathematics/dp/B0CSXKM369/ref=sr_1_80?crid=35FEBR8R2BS66&dib=eyJ2IjoiMSJ9.ifqR7Pb_juTd-DikRJuOpsmK2VX06bxGxKO-20fMoa_FAat39pCVa1JeUhEKAgnrlNmmvdWLTHaKCynPaZsipVhPAtUZZrhRGR3Mmey2xvbNWznV6UpH_8QPnGBDpehxGRvKu-48dalFoDt224dNY5jSXaQvB9kpE8ZEqF7wDxNLzS-635mqGIbpHBj8P41-O_P1iYRL5tj0gRv8YrWH0jiixG2KtRUnsv4-b3Dty5w.JlwNgsaSeD8a5yKX8jfvRasJwbHn-EgPFUinWdHeNS8&dib_tag=se&keywords=laptop&qid=1756882004&sprefix=lapt%2Caps%2C333&sr=8-80&xpid=RbFd-a7yjl6Ny
96,"HP 15s, 12th Gen Intel Core i3-1215U (8GB DDR4, 512GB SSD) Anti-Glare, 15.6""/39.6cm,FHD, Win 11, MS Office 21, Silver, 1.69kg, fy5006tu/fd0751tu/fd0752tu, UHD Graphics, HD Camera, Dual Speakers Laptop","₹32,990",/HP-i3-1215U-Anti-Glare-15-6inch-Graphics/dp/B0CJBL2QWY/ref=sr_1_4?crid=35FEBR8R2BS66&dib=eyJ2IjoiMSJ9.FCuxQIpCeN8C_jYQ8ONa2gAEgFCZsjycQnN_mYthWpg8yvKjb7F2dBSgwLUd_xm2t0C7dDo0EVRrnNUDGlUlqm-TdBJ1o7AzhHowbwia94kpZ1nK6XF4-5Ml9SBM5RkuALUDx5FTz_mBTJO6CW5LRGx3Hx3wPyrRIoGn27VItYS2xrgYSJ6M-XY05AftR7wGX_BrEni6DgoHgSOndUnxhE3MeiuGdgLj3_R91-SADXQ.rXoXbhpSaD-j65jB0gy0OLhmvcJ_6qOogVJtogW5Zp8&dib_tag=se&keywords=laptop&qid=1756881996&sprefix=lapt%2Caps%2C333&sr=8-4&xpid=RbFd-a7yjl6Ny
97,"Acer Chromebook, Intel Celeron N4500, 8GB RAM, 128GB Storage, Full HD, 15.6""/39.6cm, Chrome OS, Silver, 1.6KG, CB315-4H, WiFi 6,3 Months Google One AI Premium Plan& 2TB Cloud Storage AI Powered Laptop","₹20,990",/Chromebook-CB315-4H-Celeron-Premium-Advanced/dp/B0DH4M1MJ3/ref=sr_1_45?crid=35FEBR8R2BS66&dib=eyJ2IjoiMSJ9.Tz2wfxdL0EMcY0GgzxMDceM9Arn-TThQm0OXMKVvAHKbt4u99_JHfCBN0tj8PMIIeWs4n7RqezH2j5fYUVbjCT-MDxhAMbKrc6KiG9_vp8YI8SsfFwWkJnQ2HnVMHHz9ZJXb18qxoOxO4a-pe9nu_U6RhE1Xr-N0Ge0w0D2BMnl2e6kQP-BqJJ5iNrdu4sKf0Wjmx8EHaPi2zUgulbgYt0OqZDMxNj4zD1B2ErbBNoQ.J6NSEreu19DRxA6hmLGNrEqevGw-n2oekQoSDi2uwOo&dib_tag=se&keywords=laptop&qid=1756882000&sprefix=lapt%2Caps%2C333&sr=8-45&xpid=RbFd-a7yjl6Ny
98,"MSI Vector 17, Intel Series 2 Core Ultra 9 275HX, 43cm QHD+ 240Hz Gaming Laptop (32GB/2TB NVMe SSD/Windows 11 Home/NVIDIA GeForce RTX 5070 Ti, GDDR7 12GB/Cosmos Gray/3Kg) A2XWHG-206IN","₹2,59,990",/MSI-Vector-Windows-GeForce-A2XWHG-206IN/dp/B097PN36HB/ref=sr_1_71?crid=35FEBR8R2BS66&dib=eyJ2IjoiMSJ9.ifqR7Pb_juTd-DikRJuOpsmK2VX06bxGxKO-20fMoa_FAat39pCVa1JeUhEKAgnrlNmmvdWLTHaKCynPaZsipVhPAtUZZrhRGR3Mmey2xvbNWznV6UpH_8QPnGBDpehxGRvKu-48dalFoDt224dNY5jSXaQvB9kpE8ZEqF7wDxNLzS-635mqGIbpHBj8P41-O_P1iYRL5tj0gRv8YrWH0jiixG2KtRUnsv4-b3Dty5w.JlwNgsaSeD8a5yKX8jfvRasJwbHn-EgPFUinWdHeNS8&dib_tag=se&keywords=laptop&qid=1756882004&sprefix=lapt%2Caps%2C333&sr=8-71&xpid=RbFd-a7yjl6Ny
99,"Dell G15-5530, Intel Core i5-13450HX, RTX 3050-6GB, 16GB DDR5, 512GB SSD, FHD, 15.6""/39.62cm, 120Hz, Windows 11, MS Office 21, Dark Shadow Grey, 2.65KG, Backlit KB Orange Gaming Laptop","₹77,990",/sspa/click?ie=UTF8&spc=MToyNjI5NjQ2MDY3OTYzMDAxOjE3NTY4ODIwMDI6c3Bfc2VhcmNoX3RoZW1hdGljOjMwMDUzMzUxNjE0MDkzMjo6Mzo6&url=%2FDell-G15-5530-Gaming-i5-13450HX-Processor%2Fdp%2FB0CRKX3JRT%2Fref%3Dsxin_23_pa_sp_search_thematic_sspa%3Fcontent-id%3Damzn1.sym.24e1f0fb-6b39-49f5-b34a-4ebef8eaef82%253Aamzn1.sym.24e1f0fb-6b39-49f5-b34a-4ebef8eaef82%26crid%3D35FEBR8R2BS66%26cv_ct_cx%3Dlaptop%26keywords%3Dlaptop%26pd_rd_i%3DB0CRKX3JRT%26pd_rd_r%3D21b32708-1bea-4188-9315-655a5828ae11%26pd_rd_w%3D8uu6c%26pd_rd_wg%3DXZjkm%26pf_rd_p%3D24e1f0fb-6b39-49f5-b34a-4ebef8eaef82%26pf_rd_r%3D3B98RGGJ6TZB2VT93FFP%26qid%3D1756882002%26sbo%3DRZvfv%252F%252FHxDF%252BO5021pAnSA%253D%253D%26sprefix%3Dlapt%252Caps%252C333%26sr%3D1-52-2ec22325-1003-449d-8aaf-c0bcc24717ae-spons%26xpid%3DRbFd-a7yjl6Ny%26sp_csd%3Dd2lkZ2V0TmFtZT1zcF9zZWFyY2hfdGhlbWF0aWM%26psc%3D1&sp_cr=ZAZ
100,"Lenovo IdeaPad Slim 3, Intel Core i5-12450H 12th Gen, 16GB RAM, 512GB SSD, FHD 250Nits, 14""/35.5cm, Windows 11, MSOffice 21, Grey, 1.37Kg, 83EQ005VIN,1Yr Warranty,Alexa Built-in,3 mon. GamePass Laptop","₹48,999",/sspa/click?ie=UTF8&spc=MTo0MjA3NzA2NTY3MjU0MDAzOjE3NTY4ODIwMDU6c3BfbXRmOjMwMDQ1NjIxNjE0MjEzMjo6MDo6&url=%2FLenovo-IdeaPad-i5-12450H-Warranty-83EQ005VIN%2Fdp%2FB0D6MPVN7B%2Fref%3Dsr_1_75_sspa%3Fcrid%3D35FEBR8R2BS66%26dib%3DeyJ2IjoiMSJ9.ifqR7Pb_juTd-DikRJuOpsmK2VX06bxGxKO-20fMoa_FAat39pCVa1JeUhEKAgnrlNmmvdWLTHaKCynPaZsipVhPAtUZZrhRGR3Mmey2xvbNWznV6UpH_8QPnGBDpehxGRvKu-48dalFoDt224dNY5jSXaQvB9kpE8ZEqF7wDxNLzS-635mqGIbpHBj8P41-O_P1iYRL5tj0gRv8YrWH0jiixG2KtRUnsv4-b3Dty5w.JlwNgsaSeD8a5yKX8jfvRasJwbHn-EgPFUinWdHeNS8%26dib_tag%3Dse%26keywords%3Dlaptop%26qid%3D1756882004%26sprefix%3Dlapt%252Caps%252C333%26sr%3D8-75-spons%26xpid%3DRbFd-a7yjl6Ny%26sp_csd%3Dd2lkZ2V0TmFtZT1zcF9tdGY%26psc%3D1&aref=0434szGKPG&sp_cr=ZAZ
101,"Lenovo Ideapad 1 N4500 15.6 Inch (39.6Cm) HD Laptop (8GB RAM/512GB SSD/Windows 11/Intel/3 Month Game Pass/Grey/1.55Kg), 82LX00F7IN","₹25,730",/Lenovo-Ideapad-39-6Cm-Windows-82LX00F7IN/dp/B0F8QDP5MK/ref=sr_1_24?crid=35FEBR8R2BS66&dib=eyJ2IjoiMSJ9.LhAv1ca6zmP5LGFtl_xILuiVQIySMSGct_JOlFt9k9_UFjcQQ0i_fmNazxHl2InrSkQRLx-bnwFfAnM5fpGEyHEri5J3g2VTZxxJFkRtCpHerMcBeJ_gm6z-mHX2GvhNX-i5r9eikoWOpTNuPyuODcAGDdgg1NXXULUsvDA4fDHRPVxs0tcKJfX0gr6HVn8AVG_eQodgmRBmwj27oM1M2neEadpjtsXDsyEcbGU-PFo.5PqTv7jmAWrcefu0qc1i7MxoKKpcoJlwR7F6skUsqPI&dib_tag=se&keywords=laptop&qid=1756881998&sprefix=lapt%2Caps%2C333&sr=8-24&xpid=RbFd-a7yjl6Ny
102,"Dell Inspiron 3535, AMD Ryzen 5-7530U, 16 GB RAM, 512 GB SSD, FHD IPS 15.6""/39.62 cm, 120Hz, Windows 11, MS Office 2024, Platinum Silver, 1.67 kg, Thin & Light Laptop","₹42,990",/sspa/click?ie=UTF8&spc=MTo1NDE2MjY2NDI4MzgwMjc0OjE3NTY4ODIwMDI6c3BfYXRmX25leHQ6MzAwNTYyODMwNDU0MjMyOjowOjo&url=%2FDell-Inspiron-5-7530U-Windows-Platinum%2Fdp%2FB0DSFRQTGB%2Fref%3Dsr_1_49_sspa%3Fcrid%3D35FEBR8R2BS66%26dib%3DeyJ2IjoiMSJ9.6-ywc2mX-HyIDn163gzc_Lo_gcMr0G8eZtPapBL0rRN5MRFfCisY754WWp7RSCb6FoG8TxuFtn7HRwo-T7BpdnAe-_V1FjXl8t5I1Hjv-9rVdphR5e1Yv8XOwR7nlqK7eM-PF5DhQ61gvoEU273QZYvI7Gax63WJBuw9t6nk_bLLe5TyjZJXBQ1vp1eZ49hivBN6m_u8nW9nvI26pv9Q9IALeBFD6C4mEldxdOULTg0.vgd0WOwRH5gE1FNu3aIzgEgavHQovcDby0u8S11ogi8%26dib_tag%3Dse%26keywords%3Dlaptop%26qid%3D1756882002%26sprefix%3Dlapt%252Caps%252C333%26sr%3D8-49-spons%26xpid%3DRbFd-a7yjl6Ny%26sp_csd%3Dd2lkZ2V0TmFtZT1zcF9hdGZfbmV4dA%26psc%3D1&aref=UAY7cJBRiM&sp_cr=ZAZ
103,"Lenovo V15 G4 AMD Ryzen 5 7520U 15.6 inch FHD Thin & Lite Laptop, AMD Graphics, 16GB DDR5 5500Mhz Ram, 512GB SSD NVMe, Windows 11, Dolby Audio, Arctic Grey, 1 Year Onsite Brand Warranty","₹34,980",/Lenovo-Graphics-5500Mhz-Windows-Warranty/dp/B0F29HNJL1/ref=sr_1_8?crid=35FEBR8R2BS66&dib=eyJ2IjoiMSJ9.FCuxQIpCeN8C_jYQ8ONa2gAEgFCZsjycQnN_mYthWpg8yvKjb7F2dBSgwLUd_xm2t0C7dDo0EVRrnNUDGlUlqm-TdBJ1o7AzhHowbwia94kpZ1nK6XF4-5Ml9SBM5RkuALUDx5FTz_mBTJO6CW5LRGx3Hx3wPyrRIoGn27VItYS2xrgYSJ6M-XY05AftR7wGX_BrEni6DgoHgSOndUnxhE3MeiuGdgLj3_R91-SADXQ.rXoXbhpSaD-j65jB0gy0OLhmvcJ_6qOogVJtogW5Zp8&dib_tag=se&keywords=laptop&qid=1756881996&sprefix=lapt%2Caps%2C333&sr=8-8&xpid=RbFd-a7yjl6Ny
104,"HP OmniBook 5 OLED (Previously Pavilion), Snapdragon X Processor (16GB LPDDR5x, 512GB SSD) 2K, 14''/35.6cm, Win11, M365 Basic(1yr)* Office24, Silver, 1.35kg, he0014QU, Light-Weight, Next-Gen AI Laptop","₹67,990",/sspa/click?ie=UTF8&spc=MTozMjk3NDY1Mjc5NDgxMjE6MTc1Njg4MTk5NjpzcF9zZWFyY2hfdGhlbWF0aWM6MzAwNjQ3MjI5ODE5OTMyOjoxOjo&url=%2FHP-Previously-Snapdragon-Processor-Light-Weight%2Fdp%2FB0F8P4Y7VF%2Fref%3Dsxin_14_pa_sp_search_thematic_sspa%3Fcontent-id%3Damzn1.sym.739e670d-dfb3-4be0-9815-d8c5c0372e07%253Aamzn1.sym.739e670d-dfb3-4be0-9815-d8c5c0372e07%26crid%3D35FEBR8R2BS66%26cv_ct_cx%3Dlaptop%26keywords%3Dlaptop%26pd_rd_i%3DB0F8P4Y7VF%26pd_rd_r%3De1f08120-c83a-40e7-a572-d05963d4d79b%26pd_rd_w%3DBCg2P%26pd_rd_wg%3DNukY3%26pf_rd_p%3D739e670d-dfb3-4be0-9815-d8c5c0372e07%26pf_rd_r%3D1R6Y4QRBYPADJ32MP609%26qid%3D1756881996%26sbo%3DRZvfv%252F%252FHxDF%252BO5021pAnSA%253D%253D%26sprefix%3Dlapt%252Caps%252C333%26sr%3D1-2-66673dcf-083f-43ba-b782-d4a436cc5cfb-spons%26xpid%3DRbFd-a7yjl6Ny%26sp_csd%3Dd2lkZ2V0TmFtZT1zcF9zZWFyY2hfdGhlbWF0aWM%26psc%3D1&sp_cr=ZAZ
105,"acer Travel Lite 14[New Launch], AMD Ryzen 3-7330U, 16GB RAM, 512GB SSD, 14inch Full HD, UHD Graphics, Premium Metal Body, Windows 11 Pro, MSO 21, 1.34KG, TL14-42M, Thin & Light Laptop","₹30,400",/acer-3-7330U-Graphics-Premium-TL14-42M/dp/B0F6MY3GDD/ref=sr_1_41?crid=35FEBR8R2BS66&dib=eyJ2IjoiMSJ9.Tz2wfxdL0EMcY0GgzxMDceM9Arn-TThQm0OXMKVvAHKbt4u99_JHfCBN0tj8PMIIeWs4n7RqezH2j5fYUVbjCT-MDxhAMbKrc6KiG9_vp8YI8SsfFwWkJnQ2HnVMHHz9ZJXb18qxoOxO4a-pe9nu_U6RhE1Xr-N0Ge0w0D2BMnl2e6kQP-BqJJ5iNrdu4sKf0Wjmx8EHaPi2zUgulbgYt0OqZDMxNj4zD1B2ErbBNoQ.J6NSEreu19DRxA6hmLGNrEqevGw-n2oekQoSDi2uwOo&dib_tag=se&keywords=laptop&qid=1756882000&sprefix=lapt%2Caps%2C333&sr=8-41&xpid=RbFd-a7yjl6Ny
